OBJECTID_1,FIPS,EDU_COMP,EDU_RANK,EE_COMP,EE_RANK,N_COMP,N_RANK,COMP_,COMP_RANK,COMP_OPP
1,26163500200,-0.863389,1,-0.530794,2,-0.290173,2,-0.561452,2,Low
2,26163500700,-0.669986,2,-0.762115,1,-0.456637,2,-0.629579,2,Low
3,26163501200,-1.632484,1,-0.893576,1,-0.86121,1,-1.12909,1,Very Low
4,26163503100,-0.75523,1,-0.845793,1,-0.184987,2,-0.595337,2,Low
5,26163503400,-0.982895,1,-0.506598,2,-0.436609,2,-0.642034,2,Low
6,26163504200,-1.149156,1,-0.999085,1,-1.002676,1,-1.050306,1,Very Low
7,26163504900,-0.820414,1,-0.710334,1,-0.238694,2,-0.589814,2,Low
8,26163506100,-0.762929,1,-1.416062,1,-0.456341,2,-0.878444,1,Very Low
9,26163506400,-1.455166,1,-0.648976,1,-0.891107,1,-0.998416,1,Very Low
10,26163507000,-0.938541,1,-1.559273,1,-0.788737,1,-1.095517,1,Very Low
11,26163507500,-0.895522,1,-1.125868,1,-0.803975,1,-0.941789,1,Very Low
12,26163510500,-1.062373,1,-1.136634,1,-1.289668,1,-1.162892,1,Very Low
13,26163511300,-1.1679,1,-1.241477,1,-1.193117,1,-1.200831,1,Very Low
14,26163512300,-1.150765,1,-2.00042,1,-1.214861,1,-1.455349,1,Very Low
15,26163513200,-0.90389,1,-0.855682,1,-0.756417,1,-0.838663,1,Very Low
16,26163514100,-1.257907,1,-1.796055,1,-1.080133,1,-1.378032,1,Very Low
17,26163515300,-1.608934,1,-0.781148,1,-0.928036,1,-1.106039,1,Very Low
18,26163516000,-1.306809,1,-1.575856,1,-0.738702,1,-1.207122,1,Very Low
19,26163516400,-1.221553,1,-0.704633,1,-1.012288,1,-0.979491,1,Very Low
20,26163516800,-1.433747,1,-1.577193,1,-1.170998,1,-1.393979,1,Very Low
21,26163517300,-1.134054,1,-1.550096,1,-1.231836,1,-1.305329,1,Very Low
22,26163518500,-1.36753,1,-0.966812,1,-1.137575,1,-1.157306,1,Very Low
23,26163520300,-0.085462,3,-0.194392,2,-1.048922,1,-0.442925,2,Low
24,26163985000,-0.847968,1,-1.748279,1,-0.751547,1,-1.115931,1,Very Low
25,26163985500,-0.525895,2,-0.142772,2,-0.888189,1,-0.518952,2,Low
26,26163520700,-0.90658,1,-0.289018,2,-1.073794,1,-0.756464,1,Very Low
27,26163520800,-0.775577,1,0.309091,4,-0.660343,1,-0.37561,2,Low
28,26163521100,-0.865591,1,-0.736644,1,-0.983874,1,-0.862036,1,Very Low
29,26163521300,-0.378028,2,-0.454897,2,-0.452107,2,-0.428344,2,Low
30,26163523200,-1.262489,1,0.047362,3,-0.845218,1,-0.686782,1,Very Low
31,26163523400,-1.13415,1,-1.730069,1,-0.797478,1,-1.220566,1,Very Low
32,26163524500,-1.878542,1,-0.554751,2,-0.754633,1,-1.062642,1,Very Low
33,26163525400,-1.080592,1,-0.758465,1,-1.058252,1,-0.96577,1,Very Low
34,26163525800,-1.158388,1,-0.50868,2,-1.235263,1,-0.967444,1,Very Low
35,26163526300,-1.149356,1,-0.950504,1,-0.904567,1,-1.001476,1,Very Low
36,26163530200,-0.471126,2,-0.710296,1,-0.527016,2,-0.569479,2,Low
37,26163530900,-0.877578,1,-1.470155,1,-1.288671,1,-1.212135,1,Very Low
38,26163531300,-0.779076,1,-1.269942,1,-1.041445,1,-1.030154,1,Very Low
39,26163531700,-1.566565,1,-1.635183,1,-1.187624,1,-1.463124,1,Very Low
40,26163532400,-0.453102,2,-1.284354,1,-1.124673,1,-0.954043,1,Very Low
41,26163533100,-0.891551,1,-1.064109,1,-1.19285,1,-1.049504,1,Very Low
42,26163533500,-1.786106,1,-0.389245,2,-1.16055,1,-1.111967,1,Very Low
43,26163534100,-1.315251,1,-0.581695,2,-1.187575,1,-1.028174,1,Very Low
44,26163534600,-1.599033,1,-1.230198,1,-0.854282,1,-1.227838,1,Very Low
45,26163535400,-1.264531,1,-1.151368,1,-0.494682,2,-0.970194,1,Very Low
46,26163535700,-0.929856,1,-0.986216,1,-0.765815,1,-0.893963,1,Very Low
47,26163536400,-0.964275,1,-1.084678,1,-0.695459,1,-0.914804,1,Very Low
48,26163536800,-0.539299,2,-0.439261,2,-0.518241,2,-0.498933,2,Low
49,26163537500,-1.004045,1,-0.788102,1,-0.503334,2,-0.76516,1,Very Low
50,26163538100,-0.279362,2,-0.42552,2,0.081608,3,-0.207758,2,Low
51,26163539100,-1.29041,1,-0.773476,1,-0.32994,2,-0.797942,1,Very Low
52,26163539600,-0.527767,2,-0.953302,1,-0.099784,2,-0.526951,2,Low
53,26163540400,-0.362416,2,-0.862645,1,-0.326306,2,-0.517123,2,Low
54,26163540900,-0.502882,2,-0.20374,2,-0.024811,2,-0.243811,2,Low
55,26163541200,-1.030007,1,-0.911113,1,-1.083621,1,-1.008247,1,Very Low
56,26163541700,-0.438854,2,-0.727212,1,-0.889253,1,-0.685106,1,Very Low
57,26163542400,-0.304771,2,-0.868261,1,-0.315889,2,-0.496307,2,Low
58,26163542800,-0.529391,2,0.082798,3,0.145673,3,-0.100307,2,Low
59,26163543400,-0.85398,1,-0.453542,2,-0.324432,2,-0.543985,2,Low
60,26163543500,-1.569605,1,-2.262409,1,-1.165185,1,-1.665733,1,Very Low
61,26163543600,-1.415879,1,-0.992502,1,-1.163051,1,-1.190477,1,Very Low
62,26163543700,-0.694933,2,-1.813194,1,-1.17429,1,-1.227472,1,Very Low
63,26163543800,-1.049678,1,-1.385608,1,-1.460282,1,-1.298523,1,Very Low
64,26163543900,-1.381347,1,-1.426764,1,-1.329315,1,-1.379142,1,Very Low
65,26163544300,-0.748963,1,-0.875344,1,-0.781555,1,-0.801954,1,Very Low
66,26163545400,-0.683541,2,-1.563667,1,-1.385288,1,-1.210832,1,Very Low
67,26163545900,-0.754445,1,-0.429483,2,-0.543737,2,-0.575888,2,Low
68,26163546400,-0.687974,2,-1.654715,1,-0.702931,1,-1.015206,1,Very Low
69,26163546600,-0.671994,2,-0.844312,1,-0.654709,1,-0.723672,1,Very Low
70,26163552300,-1.110942,1,-1.089836,1,-0.887249,1,-1.029343,1,Very Low
71,26163553200,-1.251487,1,-0.708975,1,-1.594633,1,-1.185032,1,Very Low
72,26163553800,-1.036554,1,-0.280943,2,-1.10373,1,-0.807076,1,Very Low
73,26163521400,-0.737933,1,-0.759138,1,-0.647137,1,-0.714736,1,Very Low
74,26163521500,-0.490988,2,-0.857062,1,-1.186243,1,-0.844764,1,Very Low
75,26163521800,-0.470926,2,-0.868948,1,-0.985717,1,-0.775197,1,Very Low
76,26163521900,-0.542103,2,-0.478074,2,-0.852423,1,-0.6242,2,Low
77,26163522100,-1.058041,1,-1.102002,1,-1.268834,1,-1.142959,1,Very Low
78,26163522200,-0.874386,1,-0.565979,2,-1.245273,1,-0.895213,1,Very Low
79,26163522300,-0.853919,1,-1.42333,1,-1.462259,1,-1.246503,1,Very Low
80,26163522400,-1.239866,1,-0.90107,1,-1.371103,1,-1.17068,1,Very Low
81,26163522500,-1.316115,1,-0.972876,1,-1.631607,1,-1.306866,1,Very Low
82,26163523100,-0.994391,1,-1.43359,1,-0.610315,1,-1.012765,1,Very Low
83,26163523300,-1.052755,1,-0.620628,1,-1.001127,1,-0.891503,1,Very Low
84,26163523800,-1.333698,1,-0.782137,1,-0.669968,1,-0.928601,1,Very Low
85,26163524000,-1.406393,1,-0.971257,1,-0.874339,1,-1.083996,1,Very Low
86,26163524100,-1.43301,1,-0.22036,2,-0.693275,1,-0.782215,1,Very Low
87,26163524200,-1.497667,1,-0.751927,1,-0.865063,1,-1.038219,1,Very Low
88,26163524300,-1.05888,1,-1.155396,1,-0.758214,1,-0.99083,1,Very Low
89,26163524700,-0.877974,1,-0.904488,1,-0.300139,2,-0.6942,1,Very Low
90,26163524800,-0.990608,1,-0.785672,1,-0.586594,1,-0.787624,1,Very Low
91,26163524900,-1.082209,1,-1.126875,1,-0.597787,1,-0.935624,1,Very Low
92,26163525000,-1.02128,1,-1.010201,1,-1.105109,1,-1.04553,1,Very Low
93,26163525500,-0.678547,2,-0.266183,2,-0.901779,1,-0.615503,2,Low
94,26163525600,-1.394828,1,-0.373709,2,-1.22398,1,-0.997506,1,Very Low
95,26163525700,-0.999287,1,-0.516279,2,-0.637086,1,-0.71755,1,Very Low
96,26163526000,-2.043825,1,-0.48172,2,-0.829748,1,-1.118431,1,Very Low
97,26163526100,-1.458401,1,-0.565139,2,-0.633566,1,-0.885702,1,Very Low
98,26163526200,-1.752053,1,-0.745499,1,-0.908415,1,-1.135323,1,Very Low
99,26163526400,-0.704603,2,-1.057974,1,-0.88052,1,-0.881032,1,Very Low
100,26163526500,-1.334111,1,-1.647658,1,-1.109355,1,-1.363708,1,Very Low
101,26163527200,-0.985401,1,-0.121769,2,-0.96455,1,-0.690573,1,Very Low
102,26163527300,-0.795861,1,-0.714901,1,-1.277882,1,-0.929548,1,Very Low
103,26163530100,-0.914439,1,-1.090412,1,-0.922479,1,-0.975777,1,Very Low
104,26163530300,-1.247907,1,-1.539292,1,-0.990588,1,-1.259262,1,Very Low
105,26163530400,-0.837287,1,-0.908343,1,-0.823378,1,-0.856336,1,Very Low
106,26163530500,-0.962176,1,-0.783903,1,-0.763179,1,-0.836419,1,Very Low
107,26163530800,-1.543933,1,-1.483319,1,-1.371907,1,-1.466387,1,Very Low
108,26163531100,-1.017293,1,-1.092234,1,-1.276961,1,-1.128829,1,Very Low
109,26163531200,-0.56489,2,-0.480284,2,-0.126633,2,-0.390602,2,Low
110,26163531400,-1.376318,1,-1.218887,1,-0.925328,1,-1.173511,1,Very Low
111,26163531500,-0.975526,1,-1.109562,1,-1.270075,1,-1.118387,1,Very Low
112,26163531600,-0.54792,2,-1.351869,1,-1.004884,1,-0.968224,1,Very Low
113,26163531800,-0.788722,1,-1.019522,1,-0.995809,1,-0.934684,1,Very Low
114,26163531900,-1.097232,1,-2.008309,1,-1.552559,1,-1.5527,1,Very Low
115,26163532200,-0.439947,2,-1.134793,1,-0.575657,1,-0.716799,1,Very Low
116,26163532300,-0.475384,2,0.165423,3,0.108998,3,-0.066988,2,Low
117,26163500100,-0.953976,1,-0.79418,1,-0.529791,2,-0.759316,1,Very Low
118,26163500300,-0.963555,1,-0.836776,1,-0.691239,1,-0.830523,1,Very Low
119,26163500400,-1.786074,1,-1.163613,1,-1.500144,1,-1.483277,1,Very Low
120,26163500500,-0.903349,1,-0.782249,1,-0.608387,1,-0.764662,1,Very Low
121,26163500600,-0.888638,1,-0.260581,2,-0.80907,1,-0.652763,2,Low
122,26163500800,-0.758279,1,-0.99867,1,-0.160151,2,-0.639033,2,Low
123,26163500900,-1.152185,1,-0.904651,1,-0.596421,1,-0.884419,1,Very Low
124,26163501000,-0.956827,1,-0.594673,2,-0.538475,2,-0.696658,1,Very Low
125,26163501100,-1.904705,1,-1.335617,1,-0.829938,1,-1.356753,1,Very Low
126,26163501300,-1.013809,1,-1.083796,1,-0.784405,1,-0.96067,1,Very Low
127,26163501400,-0.203956,2,-0.61614,1,-0.1456,2,-0.321899,2,Low
128,26163501500,-0.858885,1,-0.161127,2,-0.174866,2,-0.398292,2,Low
129,26163501600,-1.071452,1,-0.55818,2,-0.266715,2,-0.632116,2,Low
130,26163501800,-0.33788,2,-0.076865,2,-0.083254,2,-0.165999,2,Low
131,26163501900,-0.80888,1,-0.940056,1,-0.732969,1,-0.827302,1,Very Low
132,26163502000,-0.891729,1,-1.251728,1,-0.952066,1,-1.031841,1,Very Low
133,26163503200,-1.167901,1,-0.969598,1,-0.606683,1,-0.914727,1,Very Low
134,26163503300,-0.698366,2,-1.249976,1,-0.551984,2,-0.833442,1,Very Low
135,26163503500,-1.239779,1,-1.600258,1,-1.037752,1,-1.292596,1,Very Low
136,26163503600,-0.815257,1,-1.448176,1,-0.683554,1,-0.982329,1,Very Low
137,26163503900,-0.911945,1,-1.706333,1,-0.642677,1,-1.086985,1,Very Low
138,26163504000,-1.029104,1,-0.990274,1,-0.528388,2,-0.849255,1,Very Low
139,26163504100,-0.922803,1,-1.338363,1,-1.367006,1,-1.209391,1,Very Low
140,26163504300,-1.054846,1,-0.925267,1,-0.807129,1,-0.929081,1,Very Low
141,26163504400,-0.816245,1,-1.283551,1,-1.083492,1,-1.061096,1,Very Low
142,26163504700,-0.85808,1,-0.837842,1,-0.818175,1,-0.838033,1,Very Low
143,26163504800,-1.651915,1,-2.279511,1,-1.150157,1,-1.693861,1,Very Low
144,26163505000,-1.546724,1,-2.202094,1,-0.810452,1,-1.519756,1,Very Low
145,26163505100,-1.17481,1,-0.879676,1,-0.76525,1,-0.939912,1,Very Low
146,26163505200,-1.059294,1,-1.344855,1,-0.633045,1,-1.012398,1,Very Low
147,26163505400,-1.275362,1,-1.497344,1,-1.04827,1,-1.273659,1,Very Low
148,26163505500,-0.897722,1,-1.270821,1,-0.885355,1,-1.017966,1,Very Low
149,26163506200,-1.120384,1,-1.398042,1,-0.901639,1,-1.140022,1,Very Low
150,26163506300,-1.055619,1,-1.005193,1,-0.601718,1,-0.88751,1,Very Low
151,26163506500,-0.759472,1,-1.203667,1,-0.731562,1,-0.898234,1,Very Low
152,26163985100,-0.155127,3,-1.075151,1,-1.055108,1,-0.761795,1,Very Low
153,26163985200,-0.525895,2,-0.133243,2,-0.307243,2,-0.322127,2,Low
154,26163985300,-0.525895,2,-0.070178,2,-5.320364,1,-1.972145,1,Very Low
155,26163506600,-1.446626,1,-1.345698,1,-0.729529,1,-1.173951,1,Very Low
156,26163506700,-0.751575,1,-1.069112,1,-0.427286,2,-0.749324,1,Very Low
157,26163506800,-0.837895,1,-1.186411,1,-0.388754,2,-0.804353,1,Very Low
158,26163506900,-0.847384,1,-0.817912,1,-0.328566,2,-0.664621,1,Very Low
159,26163507100,-1.189254,1,-1.015674,1,-0.652852,1,-0.952593,1,Very Low
160,26163507200,-1.273141,1,-1.513773,1,-0.947557,1,-1.244824,1,Very Low
161,26163507300,-1.203607,1,-0.90167,1,-0.721281,1,-0.942186,1,Very Low
162,26163507400,-1.457971,1,-0.730639,1,-0.557651,1,-0.91542,1,Very Low
163,26163507800,-1.619205,1,-1.153389,1,-1.204192,1,-1.325595,1,Very Low
164,26163507900,-0.903372,1,-1.427039,1,-1.161906,1,-1.164106,1,Very Low
165,26163508000,-0.977296,1,-1.802852,1,-1.685374,1,-1.488508,1,Very Low
166,26163508100,-1.069264,1,-1.52055,1,-1.243102,1,-1.277639,1,Very Low
167,26163510400,-0.955818,1,-1.346589,1,-1.149416,1,-1.150608,1,Very Low
168,26163510600,-1.179387,1,-0.851069,1,-0.725787,1,-0.918748,1,Very Low
169,26163510700,-1.162143,1,-1.436936,1,-1.004678,1,-1.201253,1,Very Low
170,26163511000,-0.696583,2,-1.669698,1,-0.828237,1,-1.064839,1,Very Low
171,26163511200,-0.695056,2,-1.145639,1,-1.110725,1,-0.983807,1,Very Low
172,26163511400,-0.744505,1,-0.82546,1,-0.744532,1,-0.771499,1,Very Low
173,26163511900,-0.953825,1,-1.974548,1,-1.239004,1,-1.389126,1,Very Low
174,26163512100,-0.998243,1,-1.090676,1,-0.882061,1,-0.990326,1,Very Low
175,26163512200,-1.023068,1,-2.638886,1,-1.222741,1,-1.628232,1,Very Low
176,26163512400,-1.706242,1,-1.367162,1,-1.17778,1,-1.417061,1,Very Low
177,26163512600,-0.965565,1,-1.784437,1,-1.011347,1,-1.253783,1,Very Low
178,26163512900,-1.116081,1,-1.586475,1,-1.216464,1,-1.30634,1,Very Low
179,26163513300,-0.476405,2,-1.649547,1,-0.450638,2,-0.858863,1,Very Low
180,26163513600,-1.399108,1,-0.267863,2,-1.268944,1,-0.978639,1,Very Low
181,26163513700,-0.980837,1,-1.056066,1,-0.734944,1,-0.923949,1,Very Low
182,26163513900,-0.951559,1,-1.624333,1,-1.021849,1,-1.199247,1,Very Low
183,26163514200,-0.914667,1,-0.907883,1,-0.788716,1,-0.870422,1,Very Low
184,26163514300,-1.471656,1,-1.147105,1,-0.822813,1,-1.147191,1,Very Low
185,26163514500,-1.235691,1,-1.469944,1,-0.625879,1,-1.110505,1,Very Low
186,26163515200,-0.585098,2,-0.309945,2,-0.765266,1,-0.553436,2,Low
187,26163515400,-0.098286,3,0.403178,4,-0.060011,2,0.081627,3,Moderate
188,26163515600,-1.239546,1,-1.748314,1,-1.088893,1,-1.358918,1,Very Low
189,26163515700,-0.08813,3,-0.392402,2,-0.68242,1,-0.38765,2,Low
190,26163515900,-1.108353,1,-1.439869,1,-0.989763,1,-1.179328,1,Very Low
191,26163516100,-0.856457,1,-2.157893,1,-1.092936,1,-1.369095,1,Very Low
192,26163516200,-0.711048,2,-1.055044,1,-0.90074,1,-0.888944,1,Very Low
193,26163516300,-0.553059,2,-1.622771,1,-0.508462,2,-0.894764,1,Very Low
194,26163516500,0.021024,3,-0.196654,2,-0.54696,2,-0.240863,2,Low
195,26163516600,-1.024142,1,-1.001494,1,-0.871962,1,-0.965866,1,Very Low
196,26163516700,-1.748885,1,-0.739966,1,-0.79925,1,-1.096034,1,Very Low
197,26163516900,-0.189953,2,-1.121512,1,-0.646875,1,-0.65278,2,Low
198,26163517000,-0.130201,3,-0.021243,2,-0.561491,1,-0.237645,2,Low
199,26163517100,-0.900787,1,-0.388536,2,-0.659686,1,-0.649669,2,Low
200,26163517200,-0.808413,1,-0.332363,2,-0.72329,1,-0.621355,2,Low
201,26163517500,-1.102921,1,-0.737858,1,-0.835261,1,-0.892013,1,Very Low
202,26163518000,-0.239886,2,-0.655096,1,-0.888206,1,-0.594396,2,Low
203,26163518400,-0.496066,2,-0.714499,1,-1.357354,1,-0.855973,1,Very Low
204,26163518600,-0.921968,1,-0.574137,2,-1.09463,1,-0.863578,1,Very Low
205,26163518800,-0.650189,2,-0.606557,1,-0.975244,1,-0.743997,1,Very Low
206,26163518900,-0.716381,2,-1.968147,1,-1.039831,1,-1.241453,1,Very Low
207,26163520200,-0.574243,2,-0.394914,2,-1.034591,1,-0.667916,1,Very Low
208,26163520400,-0.698116,2,-0.70109,1,-1.160692,1,-0.853299,1,Very Low
209,26163537700,-0.612907,2,-0.889167,1,-0.511412,2,-0.671162,1,Very Low
210,26163537800,-1.082421,1,-0.862185,1,-0.953498,1,-0.966035,1,Very Low
211,26163538200,-0.327436,2,0.215907,3,0.669086,5,0.185852,3,Moderate
212,26163538300,-1.012991,1,-0.546244,2,-0.908232,1,-0.822489,1,Very Low
213,26163538400,0.046929,3,0.385611,4,0.348587,4,0.260376,3,Moderate
214,26163538500,-0.396833,2,-0.590591,2,-0.153967,2,-0.380464,2,Low
215,26163538600,-1.010172,1,-0.266033,2,0.119586,3,-0.38554,2,Low
216,26163538800,-0.386,2,-0.376833,2,-0.219958,2,-0.327597,2,Low
217,26163538900,-0.414042,2,-0.454705,2,-0.039164,2,-0.302637,2,Low
218,26163539000,-0.919328,1,-0.708554,1,-0.333487,2,-0.65379,1,Very Low
219,26163539200,-0.372572,2,-0.262259,2,-0.101318,2,-0.245383,2,Low
220,26163539300,-0.278596,2,-0.053528,2,0.029734,3,-0.100797,2,Low
221,26163539400,-0.433689,2,-0.770105,1,-0.110002,2,-0.437932,2,Low
222,26163539500,-1.094091,1,-0.771936,1,-0.243103,2,-0.703043,1,Very Low
223,26163539700,-0.681072,2,-0.669269,1,-0.226765,2,-0.525702,2,Low
224,26163540100,-0.932251,1,-0.516367,2,-0.428039,2,-0.625552,2,Low
225,26163540200,-0.666423,2,-0.573587,2,-0.635235,1,-0.625082,2,Low
226,26163540300,-0.705976,2,-0.394346,2,-0.318287,2,-0.47287,2,Low
227,26163540500,-0.538025,2,-0.501837,2,-0.218655,2,-0.419506,2,Low
228,26163540600,-1.010538,1,-0.299524,2,-0.226762,2,-0.512275,2,Low
229,26163540700,-0.633582,2,-0.413822,2,-0.40211,2,-0.483171,2,Low
230,26163540800,-0.809217,1,-0.317627,2,-0.279642,2,-0.468828,2,Low
231,26163541000,-0.921899,1,-1.280071,1,-0.782111,1,-0.994694,1,Very Low
232,26163541100,-1.443069,1,-1.324972,1,-0.922893,1,-1.230312,1,Very Low
233,26163541300,-0.950238,1,-0.860413,1,-0.516701,2,-0.775784,1,Very Low
234,26163541400,-0.618638,2,0.112684,3,-0.416802,2,-0.307586,2,Low
235,26163541500,-0.452253,2,-0.124543,2,-0.304546,2,-0.293781,2,Low
236,26163541800,-0.760277,1,-0.319207,2,-0.300693,2,-0.460059,2,Low
237,26163542100,-0.695565,2,-0.632894,1,-0.155966,2,-0.494808,2,Low
238,26163537600,-0.626093,2,-0.598287,1,-0.434593,2,-0.552991,2,Low
239,26163542200,-0.844116,1,-1.224558,1,-0.402355,2,-0.823676,1,Very Low
240,26163542300,-0.55802,2,-0.62063,1,-0.640391,1,-0.606347,2,Low
241,26163542500,-0.238064,2,0.54005,4,0.283155,4,0.195047,3,Moderate
242,26163542600,-0.593086,2,-1.024147,1,-0.294664,2,-0.637299,2,Low
243,26163542700,-1.163014,1,-1.139804,1,-0.84508,1,-1.049299,1,Very Low
244,26163542900,-0.261524,2,0.236632,3,0.232667,3,0.069259,3,Moderate
245,26163543000,-0.043424,3,0.453823,4,0.351043,4,0.253814,3,Moderate
246,26163543100,-0.162175,3,0.037955,3,0.091865,3,-0.010785,3,Moderate
247,26163543200,-0.412089,2,-0.295159,2,-0.332904,2,-0.346717,2,Low
248,26163544000,-0.618515,2,-0.153413,2,-0.395034,2,-0.388987,2,Low
249,26163544100,-0.469246,2,-0.279995,2,-0.845012,1,-0.531418,2,Low
250,26163544200,-0.866467,1,-1.342633,1,-1.098443,1,-1.102514,1,Very Low
251,26163545100,-0.899512,1,-1.220836,1,-0.872976,1,-0.997775,1,Very Low
252,26163545200,-0.814087,1,-1.053523,1,-0.838441,1,-0.902017,1,Very Low
253,26163545300,-1.23556,1,-0.966472,1,-0.84715,1,-1.016394,1,Very Low
254,26163545500,-0.971802,1,-1.150908,1,-0.839467,1,-0.987392,1,Very Low
255,26163545600,-0.710471,2,-1.192731,1,-0.697501,1,-0.866901,1,Very Low
256,26163545700,-1.15362,1,-0.570845,2,-0.534104,2,-0.752856,1,Very Low
257,26163545800,-1.214483,1,-0.427315,2,-0.600231,1,-0.747343,1,Very Low
258,26163546000,-0.914141,1,-0.874482,1,-0.696145,1,-0.828256,1,Very Low
259,26163546100,-0.688121,2,-0.697682,1,-0.615865,1,-0.667223,1,Very Low
260,26163546200,-0.794421,1,0.146078,3,-0.120198,2,-0.25618,2,Low
261,26163546300,-0.44965,2,0.162683,3,-0.263573,2,-0.183513,2,Low
262,26163546500,-1.228553,1,-1.482936,1,-0.687697,1,-1.133062,1,Very Low
263,26163546700,-1.094008,1,-0.882342,1,-0.489009,2,-0.821786,1,Very Low
264,26163546800,-0.953839,1,-0.93808,1,-0.766874,1,-0.886264,1,Very Low
265,26163546900,-0.686787,2,-0.711877,1,-0.406439,2,-0.601701,2,Low
266,26163552000,-0.79139,1,-0.722975,1,-0.382423,2,-0.632263,2,Low
267,26163552100,-0.68678,2,-1.155257,1,-0.670097,1,-0.837378,1,Very Low
268,26163552200,-0.799252,1,-1.158839,1,-0.671076,1,-0.876389,1,Very Low
269,26163552400,-1.573936,1,-0.323281,2,-0.858728,1,-0.918648,1,Very Low
270,26163552800,-1.433043,1,-0.919257,1,-1.13355,1,-1.16195,1,Very Low
271,26163553000,-1.077429,1,-0.731476,1,-1.352017,1,-1.053641,1,Very Low
272,26163553100,-0.83853,1,-0.863953,1,-0.850533,1,-0.851005,1,Very Low
273,26163553300,-1.834249,1,-1.158711,1,-1.535243,1,-1.509401,1,Very Low
274,26163553400,-1.210182,1,-1.319971,1,-1.181112,1,-1.237088,1,Very Low
275,26163553600,-1.084182,1,-0.861816,1,-0.694204,1,-0.880068,1,Very Low
276,26163501700,-1.304013,1,-1.78393,1,-0.896218,1,-1.328054,1,Very Low
277,26163985900,-0.525895,2,-0.074641,2,-1.895463,1,-0.832,1,Very Low
278,26163522000,-0.617906,2,-0.743664,1,-1.132683,1,-0.831418,1,Very Low
279,26163538700,-0.626385,2,-1.040883,1,-0.271191,2,-0.646153,2,Low
280,26163532600,-0.915559,1,-1.023482,1,-1.034132,1,-0.991057,1,Very Low
281,26163532700,-1.028616,1,-1.727585,1,-1.525439,1,-1.427213,1,Very Low
282,26163533000,-1.121505,1,-1.052509,1,-0.889959,1,-1.021324,1,Very Low
283,26163533200,-0.676651,2,-1.207733,1,-0.97075,1,-0.951711,1,Very Low
284,26163533300,-0.955882,1,-0.438831,2,-0.889627,1,-0.761447,1,Very Low
285,26163533400,-1.012493,1,-0.73913,1,-0.921161,1,-0.890928,1,Very Low
286,26163533600,-0.717402,2,-0.558415,2,-1.044289,1,-0.773368,1,Very Low
287,26163533700,-0.845492,1,-0.467347,2,-1.264355,1,-0.859065,1,Very Low
288,26163533900,-0.646693,2,-0.362335,2,-0.936509,1,-0.648512,2,Low
289,26163534200,-1.043932,1,-0.559621,2,-0.590926,1,-0.731493,1,Very Low
290,26163534300,-1.277758,1,-1.638709,1,-1.061305,1,-1.325924,1,Very Low
291,26163534400,-1.431742,1,-1.112262,1,-1.01784,1,-1.187281,1,Very Low
292,26163534500,-0.768113,1,-1.326036,1,-1.271478,1,-1.121876,1,Very Low
293,26163534700,-0.909075,1,-0.565293,2,-0.785324,1,-0.753231,1,Very Low
294,26163535000,-0.98126,1,-1.622612,1,-0.788855,1,-1.130909,1,Very Low
295,26163535100,-0.462569,2,-0.296352,2,-0.514705,2,-0.424542,2,Low
296,26163535200,-1.195421,1,-0.965348,1,-1.041957,1,-1.067575,1,Very Low
297,26163535300,-0.563628,2,-0.5288,2,-0.42633,2,-0.506253,2,Low
298,26163535500,-1.104931,1,-1.33862,1,-0.791034,1,-1.078195,1,Very Low
299,26163535600,-0.674866,2,-0.125414,2,-0.1322,2,-0.310827,2,Low
300,26163536100,-0.781823,1,-1.028639,1,-0.729261,1,-0.846574,1,Very Low
301,26163536200,-0.527844,2,-0.372839,2,-0.145032,2,-0.348572,2,Low
302,26163536300,-0.692457,2,-0.863821,1,-0.788155,1,-0.781478,1,Very Low
303,26163536500,-0.670908,2,-0.193214,2,-0.769298,1,-0.544473,2,Low
304,26163536600,-0.675034,2,-0.883237,1,-0.610937,1,-0.72307,1,Very Low
305,26163536700,-0.759155,1,-0.701149,1,-0.579065,1,-0.67979,1,Very Low
306,26163536900,-0.591367,2,-0.939286,1,-0.414445,2,-0.648366,2,Low
307,26163537000,-0.73757,1,-0.98503,1,-0.580396,1,-0.767665,1,Very Low
308,26163537100,-0.547916,2,-0.602567,1,-0.566006,1,-0.572163,2,Low
309,26163537200,-0.214989,2,-0.365635,2,-0.872419,1,-0.484348,2,Low
310,26163537300,-0.730022,2,-0.544727,2,-0.686324,1,-0.653691,1,Very Low
311,26099245100,-0.384519,2,-0.082357,2,-0.154456,2,-0.207111,2,Low
312,26099245200,-0.554407,2,-0.374144,2,-0.329138,2,-0.41923,2,Low
313,26099245300,-0.189261,2,0.145785,3,-0.016006,2,-0.019827,3,Moderate
314,26099245400,-0.709417,2,-0.263205,2,-0.363973,2,-0.445532,2,Low
315,26099247400,0.569452,4,0.585328,5,0.463568,4,0.539449,4,High
316,26099250100,0.381695,4,0.084567,3,0.349579,4,0.271947,4,High
317,26099250400,0.415675,4,0.132722,3,0.299735,4,0.282711,4,High
318,26099250900,0.469936,4,0.382349,4,0.390823,4,0.414369,4,High
319,26099251300,0.018048,3,0.462714,4,0.480627,5,0.320463,4,High
320,26099251800,0.00134,3,0.094025,3,0.16544,3,0.086935,3,Moderate
321,26099254000,0.374942,4,0.235297,3,0.288557,4,0.299599,4,High
322,26099254500,0.477429,4,0.0404,3,0.184524,3,0.234118,3,Moderate
323,26099255400,0.114275,3,0.24702,3,0.39458,4,0.251959,3,Moderate
324,26099255700,-0.686798,2,-0.021546,2,0.152823,3,-0.185173,2,Low
325,26099256100,-0.098513,3,-0.159248,2,-0.01246,2,-0.090074,2,Low
326,26099256500,-0.222454,2,0.242588,3,0.197,3,0.072378,3,Moderate
327,26099258000,-0.355755,2,0.099044,3,0.289732,4,0.011007,3,Moderate
328,26099258500,-0.008311,3,0.060256,3,0.109715,3,0.053887,3,Moderate
329,26099258900,-0.371505,2,-0.412119,2,-0.290141,2,-0.357922,2,Low
330,26099260600,0.348446,4,0.027432,3,0.24094,3,0.205606,3,Moderate
331,26099260900,0.04889,3,0.004848,3,0.335074,4,0.129604,3,Moderate
332,26099261300,-0.741175,1,0.293666,4,0.308784,4,-0.046242,2,Low
333,26099261600,-0.236173,2,0.560603,5,0.40811,4,0.24418,3,Moderate
334,26099262100,0.182559,3,-0.461899,2,-0.196046,2,-0.158462,2,Low
335,26099262600,-0.048348,3,-0.23713,2,0.098492,3,-0.062329,2,Low
336,26099263400,-0.108087,3,0.074547,3,0.301564,4,0.089341,3,Moderate
337,26099267600,0.173996,3,0.098314,3,0.505813,5,0.259375,3,Moderate
338,26087330500,0.0723,3,-0.001393,3,0.147787,3,0.072898,3,Moderate
339,26087333000,0.190534,3,0.206674,3,0.411283,4,0.269497,4,High
340,26087336500,-0.890843,1,-0.019342,2,5.9451,5,1.678305,5,Very High
341,26087341500,0.101579,3,0.424034,4,0.355938,4,0.29385,4,High
342,26099206700,0.152155,3,-0.61776,1,0.209227,3,-0.085459,2,Low
343,26099215000,0.473021,4,0.477775,4,0.599932,5,0.516909,4,High
344,26099221100,0.594383,4,0.588835,5,0.478747,5,0.553988,5,Very High
345,26099222101,0.0018,3,-0.165955,2,-0.174879,2,-0.113011,2,Low
346,26099223500,0.272123,4,0.542301,4,0.36427,4,0.392898,4,High
347,26099224100,0.709727,4,0.878405,5,0.80184,5,0.796657,5,Very High
348,26099224600,0.420838,4,0.470712,4,0.269987,4,0.387179,4,High
349,26099225500,0.25078,3,-0.199012,2,0.387823,4,0.14653,3,Moderate
350,26099225900,0.605351,4,0.253665,4,0.495333,5,0.45145,4,High
351,26099226700,0.519521,4,0.05935,3,0.255753,3,0.278208,4,High
352,26099230000,0.795715,5,0.35509,4,-0.038201,2,0.370868,4,High
353,26099230300,0.430405,4,-0.216454,2,0.038065,3,0.084005,3,Moderate
354,26099230700,0.602973,4,0.230426,3,0.559861,5,0.46442,4,High
355,26099231200,0.402152,4,0.160896,3,0.263092,4,0.27538,4,High
356,26099231700,-0.024082,3,0.313444,4,0.385369,4,0.22491,3,Moderate
357,26099232100,0.406095,4,0.444443,4,0.302017,4,0.384185,4,High
358,26099240300,0.330773,4,0.151379,3,0.238292,3,0.240148,3,Moderate
359,26099240400,0.450033,4,0.546937,4,0.488264,5,0.495078,4,High
360,26099240900,0.482282,4,0.063732,3,0.396547,4,0.314187,4,High
361,26099241400,0.508784,4,0.457199,4,0.350807,4,0.43893,4,High
362,26099242000,0.05814,3,-0.084974,2,-0.107001,2,-0.044612,2,Low
363,26099243000,0.553056,4,0.460838,4,0.553531,5,0.522475,4,High
364,26125181600,-0.970121,1,0.088539,3,-0.067541,2,-0.316374,2,Low
365,26125183000,0.917788,5,0.175371,3,-0.028546,2,0.354871,4,High
366,26125183100,0.788825,5,0.454399,4,0.468542,5,0.570589,5,Very High
367,26125183200,0.157432,3,0.475088,4,0.175275,3,0.269265,4,High
368,26125183400,0.716458,5,0.385918,4,0.396982,4,0.499786,4,High
369,26125183900,0.958713,5,0.489825,4,0.19502,3,0.547853,4,High
370,26125184400,0.978157,5,0.451981,4,0.25179,3,0.560643,5,Very High
371,26125188100,1.233583,5,1.177978,5,0.766219,5,1.05926,5,Very High
372,26125190500,1.081592,5,0.889658,5,0.924111,5,0.96512,5,Very High
373,26125191000,1.039762,5,0.206064,3,0.090778,3,0.445535,4,High
374,26125192200,1.159004,5,0.862819,5,0.798505,5,0.94011,5,Very High
375,26125192700,1.266597,5,0.530576,4,0.706951,5,0.834708,5,Very High
376,26125193300,1.108928,5,0.095153,3,0.132133,3,0.445405,4,High
377,26125194000,1.177533,5,0.175398,3,-0.040174,2,0.437586,4,High
378,26125194400,0.714836,4,0.479046,4,0.382312,4,0.525398,4,High
379,26125196000,1.130916,5,0.849986,5,0.754138,5,0.91168,5,Very High
380,26125196300,1.152923,5,0.525129,4,0.690725,5,0.789592,5,Very High
381,26125196700,1.355897,5,1.01096,5,0.788435,5,1.051764,5,Very High
382,26125197000,1.220362,5,0.813552,5,0.677946,5,0.903953,5,Very High
383,26125197500,0.993895,5,0.148071,3,-0.171517,2,0.323483,4,High
384,26125197900,1.346017,5,0.841959,5,0.687758,5,0.958578,5,Very High
385,26115830300,0.167688,3,0.636351,5,0.585673,5,0.463238,4,High
386,26115831100,-0.126487,3,0.628869,5,0.420822,4,0.307735,4,High
387,26115831800,-0.97034,1,-0.879685,1,-0.307793,2,-0.719273,1,Very Low
388,26115832200,-0.232269,2,0.124314,3,0.263579,4,0.051875,3,Moderate
389,26115832800,0.529572,4,0.84417,5,0.560859,5,0.644867,5,Very High
390,26115833200,0.613452,4,3.513521,5,0.498491,5,1.541821,5,Very High
391,26115833800,0.67428,4,0.370356,4,0.390284,4,0.478307,4,High
392,26125121400,0.702375,4,0.548197,5,0.612061,5,0.620878,5,Very High
393,26125121800,0.470179,4,0.439906,4,0.431134,4,0.447073,4,High
394,26125122900,0.20706,3,0.095957,3,0.224684,3,0.175901,3,Moderate
395,26125125600,0.421575,4,0.672785,5,0.578076,5,0.557479,5,Very High
396,26125127000,0.748504,5,3.093284,5,0.548994,5,1.463594,5,Very High
397,26125127400,0.77522,5,0.019676,3,0.418276,4,0.40439,4,High
398,26125128200,0.924293,5,0.685101,5,0.710375,5,0.773256,5,Very High
399,26125128700,1.068684,5,0.680662,5,0.774906,5,0.841417,5,Very High
400,26125130600,0.743502,5,-0.161126,2,0.45539,4,0.345922,4,High
401,26125131500,0.590995,4,0.522192,4,0.481888,5,0.531692,4,High
402,26125132500,0.385696,4,0.431381,4,0.036798,3,0.284625,4,High
403,26125133001,1.123379,5,1.206535,5,0.651068,5,0.993661,5,Very High
404,26125134300,0.8554,5,0.669758,5,0.556495,5,0.693884,5,Very High
405,26125134800,0.966043,5,0.718407,5,0.54591,5,0.743453,5,Very High
406,26125135300,0.957515,5,1.244664,5,0.861221,5,1.021133,5,Very High
407,26125136300,1.164097,5,0.826966,5,0.317124,4,0.769396,5,Very High
408,26125137100,1.160296,5,0.758572,5,0.71943,5,0.879433,5,Very High
409,26125138600,0.816698,5,1.100016,5,0.719702,5,0.878805,5,Very High
410,26125140301,-0.290979,2,-0.26361,2,-0.555559,2,-0.370049,2,Low
411,26125140600,0.77667,5,0.048693,3,0.223389,3,0.349584,4,High
412,26125141100,-0.781691,1,-0.184306,2,-0.351732,2,-0.439243,2,Low
413,26125141700,-1.413193,1,-1.37496,1,-0.95466,1,-1.247604,1,Very Low
414,26125142600,-0.633277,2,-0.11018,2,0.047385,3,-0.232024,2,Low
415,26125144200,0.080255,3,0.243331,3,0.524908,5,0.282831,4,High
416,26125144300,0.071731,3,0.275703,4,0.359466,4,0.235633,3,Moderate
417,26125144400,0.240097,3,0.3414,4,0.351383,4,0.31096,4,High
418,26125144800,-0.299805,2,0.122687,3,0.111485,3,-0.021877,3,Moderate
419,26125145501,0.445846,4,0.474152,4,0.189789,3,0.369929,4,High
420,26125145600,-0.119995,3,0.502602,4,0.241317,3,0.207975,3,Moderate
421,26125150400,1.263657,5,0.956989,5,1.130548,5,1.117064,5,Very High
422,26125150700,1.300836,5,1.223031,5,0.888273,5,1.13738,5,Very High
423,26125152700,1.259273,5,1.109551,5,1.144277,5,1.171034,5,Very High
424,26125153200,1.354845,5,0.79066,5,0.748221,5,0.964575,5,Very High
425,26125156500,1.031448,5,0.589806,5,0.77726,5,0.799505,5,Very High
426,26125157100,1.156616,5,1.031113,5,0.740406,5,0.976045,5,Very High
427,26125157400,1.052719,5,0.817152,5,0.872227,5,0.914033,5,Very High
428,26125157700,0.90391,5,1.280014,5,0.821344,5,1.001756,5,Very High
429,26125158200,0.994328,5,0.770119,5,0.660311,5,0.808253,5,Very High
430,26125160400,0.076302,3,0.076126,3,-0.256093,2,-0.034555,3,Moderate
431,26125160900,0.168921,3,0.024081,3,-0.435307,2,-0.080768,2,Low
432,26125161300,0.04165,3,0.283442,4,0.081947,3,0.135679,3,Moderate
433,26125161700,-0.015983,3,0.41919,4,0.35147,4,0.251559,3,Moderate
434,26125165000,0.900578,5,0.463748,4,0.313084,4,0.559137,5,Very High
435,26125166100,0.97773,5,0.778789,5,0.278767,4,0.678428,5,Very High
436,26125166600,0.688143,4,0.338021,4,-0.15466,2,0.290501,4,High
437,26125166900,0.810331,5,0.571408,5,0.539648,5,0.640462,5,Very High
438,26125167500,0.670852,4,0.626963,5,0.227123,3,0.508313,4,High
439,26125168100,0.839736,5,1.297478,5,0.74116,5,0.959458,5,Very High
440,26125168800,0.932304,5,1.046746,5,0.785978,5,0.921676,5,Very High
441,26125170200,0.846514,5,0.442062,4,0.242147,3,0.510241,4,High
442,26125171200,0.135195,3,-0.176551,2,-0.002812,2,-0.014722,3,Moderate
443,26125172400,0.666673,4,-0.214512,2,-0.712194,1,-0.086678,2,Low
444,26125173200,0.316406,4,0.356126,4,0.331719,4,0.33475,4,High
445,26125175200,-0.252878,2,-0.183254,2,-0.198532,2,-0.211555,2,Low
446,26125180200,0.367583,4,0.074452,3,0.135503,3,0.192512,3,Moderate
447,26125181300,-0.373253,2,0.181769,3,0.029037,3,-0.054149,2,Low
448,26147621000,-0.187712,2,-0.398424,2,-0.281104,2,-0.28908,2,Low
449,26147624000,-0.155213,3,-0.855267,1,-0.823397,1,-0.611292,2,Low
450,26147629000,0.02644,3,0.308969,4,0.025857,3,0.120422,3,Moderate
451,26147634100,-0.220291,2,0.182988,3,0.286613,4,0.083104,3,Moderate
452,26147637100,0.40432,4,0.563578,5,0.427447,4,0.465115,4,High
453,26147640600,0.689286,4,0.499105,4,0.528107,5,0.572166,5,Very High
454,26147649000,0.244065,3,-0.240002,2,0.096759,3,0.033607,3,Moderate
455,26147651100,0.427547,4,1.00597,5,0.624263,5,0.685927,5,Very High
456,26147655100,0.313214,4,-0.057374,2,0.215819,3,0.157219,3,Moderate
457,26147658100,0.119659,3,0.338894,4,0.418575,4,0.292376,4,High
458,26163585800,-0.251761,2,-0.101789,2,-0.099031,2,-0.15086,2,Low
459,26163585900,-0.736486,1,-0.06459,2,-0.060727,2,-0.287268,2,Low
460,26163586200,-0.229969,2,0.132877,3,0.051322,3,-0.015256,3,Moderate
461,26163586300,-0.232941,2,0.35155,4,0.21935,3,0.112653,3,Moderate
462,26163591501,0.152325,3,0.346905,4,0.012043,3,0.170425,3,Moderate
463,26163591502,0.524419,4,0.630428,5,0.095639,3,0.416829,4,High
464,26163593000,0.172292,3,0.139158,3,0.079727,3,0.130392,3,Moderate
465,26163594100,0.928559,5,0.764956,5,0.467975,4,0.720497,5,Very High
466,26163594500,0.488308,4,0.086036,3,0.272072,4,0.282139,4,High
467,26163596200,0.978416,5,0.613007,5,0.684741,5,0.758721,5,Very High
468,26163990200,0.191257,3,0.10372,3,0,3,0.098326,3,Moderate
469,26163550300,1.343531,5,1.582148,5,0.939245,5,1.288308,5,Very High
470,26163550800,1.075152,5,0.804588,5,0.666701,5,0.848814,5,Very High
471,26163551800,1.087547,5,0.341447,4,0.340633,4,0.589876,5,Very High
472,26163554400,-0.034019,3,0.11596,3,0.037995,3,0.039979,3,Moderate
473,26163554900,-0.209973,2,0.034547,3,0.265361,4,0.029978,3,Moderate
474,26163555600,-0.122533,3,0.305184,4,0.429136,4,0.203929,3,Moderate
475,26163556400,0.894225,5,0.681563,5,0.694877,5,0.756888,5,Very High
476,26163556700,0.742315,5,0.546891,4,0.591905,5,0.627037,5,Very High
477,26163557100,0.845794,5,0.129664,3,0.44983,4,0.475096,4,High
478,26163557400,0.88845,5,0.572044,5,0.683699,5,0.714731,5,Very High
479,26163558000,0.782691,5,0.252376,4,0.516129,5,0.517065,4,High
480,26163558400,0.74971,5,0.585499,5,0.366034,4,0.567081,5,Very High
481,26163558900,0.77425,5,0.516316,4,0.387945,4,0.559504,5,Very High
482,26163559200,0.475333,4,0.192845,3,0.335064,4,0.334414,4,High
483,26163561200,1.099217,5,0.993096,5,0.991886,5,1.028066,5,Very High
484,26163561900,1.106622,5,1.1702,5,1.000046,5,1.092289,5,Very High
485,26163562600,0.942076,5,0.921408,5,0.449497,4,0.770994,5,Very High
486,26163563200,0.720777,5,0.128766,3,-0.148417,2,0.233709,3,Moderate
487,26163563600,0.979036,5,0.878171,5,0.521819,5,0.793009,5,Very High
488,26163564300,0.821414,5,0.33744,4,0.458921,4,0.539258,4,High
489,26163564504,0.510617,4,0.630644,5,0.617429,5,0.58623,5,Very High
490,26163564900,-1.400749,1,-0.357393,2,-0.363444,2,-0.707195,1,Very Low
491,26163565300,0.501027,4,0.073475,3,-0.393095,2,0.060469,3,Moderate
492,26163565900,-0.142397,3,0.239645,3,0.080551,3,0.059266,3,Moderate
493,26163566400,-1.006745,1,-0.079295,2,-0.529756,2,-0.538599,2,Low
494,26163566500,-0.133818,3,-0.471727,2,-0.415002,2,-0.340182,2,Low
495,26163566600,-0.409875,2,0.624207,5,0.237788,3,0.150706,3,Moderate
496,26163566700,-0.442549,2,0.306339,4,0.054546,3,-0.027221,3,Moderate
497,26163567100,0.425392,4,-0.085797,2,-0.031271,2,0.102775,3,Moderate
498,26163567800,-0.033102,3,0.245184,3,-0.005038,2,0.069015,3,Moderate
499,26163568000,-0.258121,2,0.159901,3,0.104006,3,0.001928,3,Moderate
500,26163568500,-0.481574,2,-0.81875,1,-0.817323,1,-0.705883,1,Very Low
501,26163569100,-0.013601,3,0.335113,4,0.447779,4,0.25643,3,Moderate
502,26163569400,-0.004898,3,0.388783,4,0.217741,3,0.200542,3,Moderate
503,26163569800,-0.010034,3,0.402758,4,0.246622,3,0.213116,3,Moderate
504,26163570600,-0.638382,2,-1.746608,1,-0.802908,1,-1.062633,1,Very Low
505,26163570900,-0.576197,2,-0.709372,1,-0.48807,2,-0.591213,2,Low
506,26163572200,-0.195092,2,0.199852,3,0.249906,3,0.084889,3,Moderate
507,26163572900,0.048338,3,0.307459,4,0.135028,3,0.163608,3,Moderate
508,26163573400,0.008591,3,-0.124024,2,-0.236347,2,-0.11726,2,Low
509,26163573701,-0.56519,2,-0.165296,2,-0.128021,2,-0.286169,2,Low
510,26163575000,0.287089,4,0.211209,3,0.183832,3,0.227377,3,Moderate
511,26163575300,0.196837,3,0.153599,3,0.343946,4,0.231461,3,Moderate
512,26163576200,0.038502,3,0.277116,4,0.297979,4,0.204533,3,Moderate
513,26163576700,0.497467,4,0.541821,4,0.427448,4,0.488912,4,High
514,26163577400,-0.561008,2,0.089943,3,0.083147,3,-0.129306,2,Low
515,26163577900,-0.281433,2,0.436575,4,0.009839,3,0.054994,3,Moderate
516,26163579100,-1.542912,1,-0.868125,1,-0.825974,1,-1.079004,1,Very Low
517,26163579800,-0.8212,1,-0.851435,1,-1.078008,1,-0.916881,1,Very Low
518,26163580300,-0.044207,3,0.267405,4,0.232828,3,0.152009,3,Moderate
519,26163580600,0.13493,3,-0.234586,2,-0.158138,2,-0.085931,2,Low
520,26163581200,0.231104,3,0.248793,3,0.066607,3,0.182168,3,Moderate
521,26163582000,0.228078,3,0.132504,3,-0.245777,2,0.038268,3,Moderate
522,26163583200,-0.362389,2,-0.406268,2,-0.129558,2,-0.299405,2,Low
523,26163583500,-0.298257,2,0.41995,4,0.338072,4,0.153255,3,Moderate
524,26163583900,-0.274416,2,0.030851,3,-0.086373,2,-0.10998,2,Low
525,26163584300,-0.262157,2,0.251403,4,-0.128187,2,-0.046314,2,Low
526,26163584700,-0.586456,2,0.147007,3,0.219609,3,-0.07328,2,Low
527,26099250600,0.407244,4,-0.401201,2,0.250135,3,0.085393,3,Moderate
528,26099250700,0.296634,4,-0.103032,2,0.315312,4,0.169638,3,Moderate
529,26099250800,0.524871,4,0.338156,4,0.329702,4,0.397577,4,High
530,26099251000,0.23479,3,-0.201935,2,0.114371,3,0.049075,3,Moderate
531,26099251100,0.63042,4,0.324713,4,0.553361,5,0.502831,4,High
532,26099251200,-0.175864,2,0.042801,3,0.325716,4,0.064218,3,Moderate
533,26099251400,0.214674,3,0.267991,4,0.280675,4,0.254447,3,Moderate
534,26099251500,0.495506,4,0.350212,4,0.356548,4,0.400755,4,High
535,26099251600,0.399493,4,0.125614,3,0.147393,3,0.224167,3,Moderate
536,26099251700,0.175672,3,0.045183,3,0.005622,3,0.075492,3,Moderate
537,26099251900,0.408606,4,0.091502,3,0.215915,3,0.238674,3,Moderate
538,26099252000,0.027183,3,-0.247534,2,0.11444,3,-0.035304,3,Moderate
539,26099252100,0.228043,3,0.042076,3,0.261508,4,0.177209,3,Moderate
540,26099252200,-0.068797,3,0.436154,4,0.204417,3,0.190591,3,Moderate
541,26099254100,0.562178,4,0.525148,4,0.294688,4,0.460672,4,High
542,26099254200,0.467783,4,-0.043107,2,0.210691,3,0.211789,3,Moderate
543,26099255000,-0.254176,2,-0.124862,2,-0.061106,2,-0.146715,2,Low
544,26099255100,-0.526396,2,0.131916,3,0.071891,3,-0.10753,2,Low
545,26099255200,0.290165,4,-0.225633,2,-0.441296,2,-0.125588,2,Low
546,26099255300,-0.611647,2,-0.496781,2,0.031326,3,-0.359034,2,Low
547,26099255500,-0.531738,2,-0.051806,2,0.325158,4,-0.086129,2,Low
548,26099255600,-0.180086,2,0.209375,3,0.044522,3,0.024604,3,Moderate
549,26099255800,-0.307942,2,-0.199902,2,0.06712,3,-0.146908,2,Low
550,26099255900,-0.630058,2,-0.232466,2,-0.131758,2,-0.331427,2,Low
551,26099256000,-0.33695,2,-0.023857,2,0.14675,3,-0.071352,2,Low
552,26099256200,-0.500746,2,0.007838,3,-0.021867,2,-0.171592,2,Low
553,26099256300,-0.333455,2,-0.57294,2,-0.109321,2,-0.338572,2,Low
554,26099256400,-0.220688,2,-0.293878,2,-0.01983,2,-0.178132,2,Low
555,26099256600,-0.643089,2,-0.3436,2,-0.168352,2,-0.385014,2,Low
556,26099256700,-0.512231,2,0.068663,3,0.203604,3,-0.079988,2,Low
557,26099247100,-0.10081,3,-0.662054,1,-0.436661,2,-0.399842,2,Low
558,26099247200,0.4609,4,0.323321,4,0.346425,4,0.376882,4,High
559,26099247300,0.699769,4,0.39383,4,0.609609,5,0.567736,5,Very High
560,26099247500,-0.065905,3,-0.200554,2,-0.173862,2,-0.146774,2,Low
561,26099247601,0.525144,4,0.181548,3,-0.412139,2,0.098184,3,Moderate
562,26099247602,0.225262,3,0.037471,3,-0.02245,2,0.080094,3,Moderate
563,26099250000,0.352915,4,0.357667,4,0.429974,4,0.380185,4,High
564,26099250200,0.368438,4,0.214598,3,0.353446,4,0.312161,4,High
565,26099250300,0.171339,3,0.044564,3,0.232807,3,0.14957,3,Moderate
566,26099250500,0.255495,3,-0.002698,3,0.373048,4,0.208615,3,Moderate
567,26099263600,-0.500652,2,-0.466238,2,-0.383545,2,-0.450145,2,Low
568,26099263700,-0.790714,1,-0.83221,1,-0.061457,2,-0.56146,2,Low
569,26099263800,-0.629927,2,-0.335843,2,-0.647707,1,-0.537826,2,Low
570,26099264000,-0.651254,2,-0.357486,2,-0.406672,2,-0.471804,2,Low
571,26099264200,-0.726592,2,-0.501195,2,-0.24481,2,-0.490866,2,Low
572,26099268000,-0.303517,2,0.02146,3,-0.066069,2,-0.116042,2,Low
573,26099268100,-0.222075,2,-0.285778,2,-0.191091,2,-0.232981,2,Low
574,26099268200,0.62364,4,0.716866,5,0.435817,4,0.592108,5,Very High
575,26099268300,-0.690302,2,-0.615382,1,-0.262857,2,-0.522847,2,Low
576,26099268400,-1.254232,1,-0.258116,2,-0.211734,2,-0.574694,2,Low
577,26099982000,0.056885,3,0.376138,4,0.555923,5,0.329649,4,High
578,26099982100,0.094001,3,0.699279,5,-1.402778,1,-0.203166,2,Low
579,26099982300,0.198476,3,0.222033,3,-0.425651,2,-0.001714,3,Moderate
580,26099210000,0.292272,4,0.034418,3,0.486387,5,0.271026,4,High
581,26099211000,0.264693,4,-0.106471,2,0.252005,3,0.136742,3,Moderate
582,26099212000,0.465343,4,0.195125,3,0.523827,5,0.394765,4,High
583,26099214000,0.075081,3,-0.226261,2,0.424502,4,0.091108,3,Moderate
584,26099214500,0.409083,4,0.523551,4,0.813013,5,0.581883,5,Very High
585,26099215200,0.498352,4,0.681132,5,0.688304,5,0.622596,5,Very High
586,26099215300,0.212232,3,0.241056,3,0.347324,4,0.266871,4,High
587,26099215500,0.40992,4,0.223825,3,0.539989,5,0.391245,4,High
588,26099263500,-0.360756,2,0.016469,3,-0.00077,3,-0.115019,2,Low
589,26099216000,0.581058,4,0.338601,4,0.59179,5,0.503817,4,High
590,26099217000,0.243526,3,0.405774,4,0.504883,5,0.384727,4,High
591,26099220001,0.423294,4,0.729024,5,0.635714,5,0.596011,5,Very High
592,26099220002,0.747853,5,0.722208,5,0.154416,3,0.541492,4,High
593,26099221200,0.294804,4,0.338477,4,0.32306,4,0.31878,4,High
594,26099221500,0.561131,4,0.898158,5,0.737582,5,0.73229,5,Very High
595,26099221800,0.449953,4,0.329614,4,0.431918,4,0.403828,4,High
596,26099222102,0.563141,4,0.12449,3,0.242139,3,0.309923,4,High
597,26099222500,0.545497,4,0.698479,5,0.429427,4,0.557801,5,Very High
598,26099222800,0.738022,5,0.366639,4,0.463441,4,0.522701,4,High
599,26099223400,0.625315,4,0.73772,5,0.718903,5,0.693979,5,Very High
600,26099223800,0.721742,5,0.40707,4,0.760929,5,0.629914,5,Very High
601,26099223900,0.657908,4,0.688654,5,0.66376,5,0.670107,5,Very High
602,26099224000,0.605528,4,0.807802,5,0.775244,5,0.729525,5,Very High
603,26099224200,0.234091,3,0.307845,4,0.402134,4,0.31469,4,High
604,26099224300,0.621976,4,0.517755,4,0.624027,5,0.58792,5,Very High
605,26099224400,0.729556,5,0.832135,5,0.728912,5,0.763534,5,Very High
606,26099224500,0.474568,4,0.584641,5,0.511917,5,0.523708,4,High
607,26099225100,0.339568,4,0.652283,5,0.413631,4,0.468494,4,High
608,26099225200,0.646431,4,0.38412,4,0.556777,5,0.529109,4,High
609,26099225300,0.662496,4,0.381629,4,0.235867,3,0.426664,4,High
610,26099225400,0.704606,4,0.373754,4,0.692336,5,0.590232,5,Very High
611,26099225600,0.455414,4,-0.047987,2,0.112176,3,0.173201,3,Moderate
612,26099225701,0.331433,4,0.126756,3,-0.387521,2,0.023556,3,Moderate
613,26099225702,0.446431,4,0.232621,3,0.364145,4,0.347732,4,High
614,26099225800,0.42016,4,-0.095914,2,0.351691,4,0.225312,3,Moderate
615,26125120000,0.498666,4,0.007323,3,0.703642,5,0.403211,4,High
616,26125120300,0.520894,4,0.333832,4,0.649817,5,0.501514,4,High
617,26125121000,0.097874,3,0.052455,3,0.099363,3,0.083231,3,Moderate
618,26125121500,0.456589,4,0.18187,3,0.097361,3,0.245273,3,Moderate
619,26125121700,0.587122,4,0.509839,4,0.459133,4,0.518698,4,High
620,26125122200,0.540139,4,0.430854,4,0.574212,5,0.515068,4,High
621,26125122400,0.400653,4,0.18924,3,0.364839,4,0.318244,4,High
622,26125122700,0.629621,4,0.5415,4,0.310389,4,0.493837,4,High
623,26147620000,-0.078919,3,-0.319681,2,-0.551224,2,-0.316608,2,Low
624,26147622000,-0.483956,2,0.013304,3,-0.217681,2,-0.229444,2,Low
625,26147623000,-0.501804,2,-0.789082,1,-0.232811,2,-0.507899,2,Low
626,26147625000,-0.977743,1,-0.618547,1,-1.01316,1,-0.869817,1,Very Low
627,26147626000,-0.364671,2,-0.043967,2,-0.374357,2,-0.260998,2,Low
628,26147627000,-0.205053,2,0.214489,3,0.166508,3,0.058648,3,Moderate
629,26147628000,0.010164,3,0.050969,3,0.095801,3,0.052311,3,Moderate
630,26147630100,-0.287329,2,0.238927,3,-0.071555,2,-0.039985,2,Low
631,26147630400,0.116351,3,0.53191,4,0.365057,4,0.337773,4,High
632,26147631100,0.26585,4,0.606713,5,0.303686,4,0.392083,4,High
633,26099226100,0.787399,5,0.776258,5,0.867424,5,0.81036,5,Very High
634,26099226400,0.749604,5,1.074333,5,0.842993,5,0.888977,5,Very High
635,26099227000,0.608976,4,0.761976,5,0.666573,5,0.679175,5,Very High
636,26099227300,0.586106,4,0.29161,4,0.35264,4,0.410119,4,High
637,26099228000,0.595222,4,-0.088338,2,0.100482,3,0.202455,3,Moderate
638,26099228100,0.625501,4,0.018496,3,-0.237445,2,0.135517,3,Moderate
639,26099230200,0.787884,5,0.190039,3,0.44736,4,0.475094,4,High
640,26099230400,0.63053,4,0.22354,3,0.321913,4,0.391994,4,High
641,26099230500,0.044816,3,-0.402384,2,-0.198732,2,-0.185433,2,Low
642,26099230601,0.72642,5,0.580715,5,0.584265,5,0.630467,5,Very High
643,26099230602,0.475154,4,0.415001,4,0.508328,5,0.466161,4,High
644,26099230800,0.446156,4,0.116438,3,0.39116,4,0.317918,4,High
645,26099230900,0.453887,4,0.020779,3,0.233654,3,0.236107,3,Moderate
646,26099231000,0.541486,4,0.29176,4,0.430933,4,0.421393,4,High
647,26099231100,0.530359,4,0.180101,3,0.157371,3,0.289277,4,High
648,26099231400,0.042097,3,0.175576,3,0.349037,4,0.188904,3,Moderate
649,26099231500,-0.036411,3,-0.017462,2,0.420977,4,0.122368,3,Moderate
650,26099231600,-0.084032,3,-0.138611,2,0.037197,3,-0.061815,2,Low
651,26099231800,0.138492,3,0.268331,4,0.50105,5,0.302624,4,High
652,26099231900,0.473045,4,-0.023211,2,0.481543,5,0.310459,4,High
653,26099232000,0.291258,4,0.528744,4,0.557041,5,0.459014,4,High
654,26099232200,0.20148,3,-0.208282,2,0.24342,3,0.078873,3,Moderate
655,26099232300,0.071061,3,-0.074823,2,-0.079811,2,-0.027858,3,Moderate
656,26099232400,-0.246273,2,-0.260449,2,0.080777,3,-0.141982,2,Low
657,26099232500,0.556148,4,0.734709,5,0.600841,5,0.630566,5,Very High
658,26099233000,0.629298,4,0.421432,4,0.515979,5,0.522236,4,High
659,26099240000,-0.019647,3,-0.505752,2,-0.247569,2,-0.257656,2,Low
660,26099240500,-0.287184,2,-0.07232,2,0.121023,3,-0.079494,2,Low
661,26125123000,0.074428,3,0.386968,4,0.364913,4,0.275436,4,High
662,26125123100,0.511742,4,0.591724,5,0.700608,5,0.601358,5,Very High
663,26125124000,0.372971,4,0.58694,5,0.506505,5,0.488806,4,High
664,26125124500,0.135992,3,2.318903,5,0.100169,3,0.851688,5,Very High
665,26125125000,0.393234,4,0.535612,4,0.494417,5,0.474421,4,High
666,26125126200,0.759401,5,0.829673,5,0.775036,5,0.788037,5,Very High
667,26125126300,0.687613,4,0.468916,4,0.313233,4,0.489921,4,High
668,26125126400,0.78769,5,0.877017,5,0.617131,5,0.760612,5,Very High
669,26125126500,0.542888,4,0.728497,5,0.639868,5,0.637084,5,Very High
670,26125127100,0.89654,5,0.834961,5,0.766068,5,0.832523,5,Very High
671,26125127200,0.710178,4,0.55576,5,0.547684,5,0.604541,5,Very High
672,26125127300,0.617856,4,-0.009286,3,0.259076,4,0.289215,4,High
673,26125127500,0.601523,4,0.548127,4,0.521087,5,0.556912,5,Very High
674,26125127600,0.891636,5,0.722305,5,0.794927,5,0.802956,5,Very High
675,26125127700,0.68571,4,0.066262,3,0.145538,3,0.29917,4,High
676,26125128000,0.835859,5,0.255146,4,0.481383,5,0.524129,4,High
677,26125128100,0.935866,5,3.797182,5,0.508609,5,1.747219,5,Very High
678,26125128300,0.735704,5,0.230045,3,0.099118,3,0.354956,4,High
679,26125128400,0.824862,5,0.378946,4,0.360928,4,0.521579,4,High
680,26125128500,0.945316,5,0.496674,4,0.395095,4,0.612362,5,Very High
681,26125128600,1.030134,5,0.538896,4,0.667487,5,0.745506,5,Very High
682,26125128800,1.090783,5,0.253922,4,0.611198,5,0.651968,5,Very High
683,26147631600,0.163791,3,0.426984,4,0.027796,3,0.20619,3,Moderate
684,26147632000,0.182784,3,0.216835,3,0.184162,3,0.194594,3,Moderate
685,26147633100,0.134507,3,0.606386,5,0.496565,5,0.412486,4,High
686,26147633200,0.482802,4,0.559276,5,0.345409,4,0.462496,4,High
687,26147634600,-0.167617,3,0.29235,4,0.237637,3,0.12079,3,Moderate
688,26147635000,-0.072326,3,0.227482,3,0.230776,3,0.128644,3,Moderate
689,26147636000,-0.504904,2,-0.427003,2,-0.317695,2,-0.416534,2,Low
690,26147637200,0.445932,4,0.132076,3,0.266818,4,0.281609,4,High
691,26147637300,0.578245,4,0.009521,3,0.096603,3,0.228123,3,Moderate
692,26147640100,0.49951,4,0.548858,5,0.508976,5,0.519115,4,High
693,26147640200,0.407749,4,0.537233,4,0.530771,5,0.491918,4,High
694,26147641000,0.585299,4,0.175361,3,0.631537,5,0.464065,4,High
695,26147642000,0.590575,4,0.285796,4,0.210183,3,0.362185,4,High
696,26147643000,0.572605,4,0.149292,3,0.245322,3,0.322406,4,High
697,26147644000,0.40183,4,-0.400448,2,-0.038068,2,-0.012229,3,Moderate
698,26147645000,0.291811,4,-0.103174,2,0.334435,4,0.174357,3,Moderate
699,26147646000,-0.087598,3,-0.304062,2,0.179394,3,-0.070755,2,Low
700,26147647000,0.077283,3,0.084545,3,0.356457,4,0.172762,3,Moderate
701,26099240600,0.573612,4,0.290565,4,0.276029,4,0.380069,4,High
702,26099240700,0.372938,4,0.604791,5,0.630733,5,0.536154,4,High
703,26099240800,0.454475,4,-0.021991,2,0.064196,3,0.16556,3,Moderate
704,26099241000,0.125856,3,0.12486,3,-0.023158,2,0.075853,3,Moderate
705,26099241200,0.174309,3,-0.005006,3,0.171625,3,0.113643,3,Moderate
706,26099241300,0.310455,4,0.027503,3,-0.074318,2,0.08788,3,Moderate
707,26099241500,0.594675,4,0.334739,4,0.245331,3,0.391581,4,High
708,26099241600,0.356331,4,0.15801,3,-0.002206,2,0.170712,3,Moderate
709,26099241700,-0.355947,2,-0.514648,2,-0.056086,2,-0.308894,2,Low
710,26099241800,0.267534,4,-0.464387,2,0.180513,3,-0.005447,3,Moderate
711,26099241900,0.035176,3,-0.153028,2,0.10951,3,-0.002781,3,Moderate
712,26099242100,-0.106043,3,-0.139273,2,-0.431874,2,-0.22573,2,Low
713,26099242500,0.550661,4,0.481915,4,0.377106,4,0.469894,4,High
714,26099243500,0.165233,3,0.187158,3,0.061392,3,0.137928,3,Moderate
715,26099244000,0.668157,4,0.38548,4,0.542614,5,0.532083,4,High
716,26099245000,-0.363929,2,-0.557572,2,-0.449903,2,-0.457135,2,Low
717,26125183300,0.952471,5,0.560603,5,0.400736,4,0.637937,5,Very High
718,26125183500,0.811929,5,0.262465,4,-0.059463,2,0.33831,4,High
719,26125183600,0.484659,4,0.608926,5,0.489631,5,0.527739,4,High
720,26125183700,0.961236,5,0.51843,4,0.414078,4,0.631248,5,Very High
721,26125183800,0.843602,5,0.485742,4,0.333806,4,0.554383,5,Very High
722,26125184000,0.80305,5,0.849187,5,0.569129,5,0.740455,5,Very High
723,26125184100,0.591701,4,0.476217,4,0.105609,3,0.391176,4,High
724,26125184200,0.721102,5,0.410544,4,0.179879,3,0.437175,4,High
725,26125184300,0.76437,5,0.620824,5,0.339366,4,0.574853,5,Very High
726,26125184500,0.874128,5,0.6084,5,0.116207,3,0.532912,4,High
727,26125184600,0.978586,5,0.313704,4,0.149872,3,0.480721,4,High
728,26125184700,0.349775,4,0.374041,4,0.324378,4,0.349398,4,High
729,26125128900,0.983208,5,0.519667,4,0.557528,5,0.686801,5,Very High
730,26125129000,0.985874,5,3.665557,5,0.328236,4,1.659889,5,Very High
731,26125130100,0.326047,4,0.590345,5,0.358765,4,0.425053,4,High
732,26125130200,0.308582,4,0.520132,4,0.364574,4,0.397762,4,High
733,26125130300,0.241279,3,0.199405,3,0.511499,5,0.317394,4,High
734,26125130400,0.483255,4,0.78226,5,0.632601,5,0.632705,5,Very High
735,26125130500,0.832645,5,0.35526,4,0.541854,5,0.576586,5,Very High
736,26125130700,0.549222,4,0.822785,5,0.542028,5,0.638012,5,Very High
737,26125131100,0.615766,4,0.642959,5,0.456186,4,0.571637,5,Very High
738,26125131300,0.614657,4,0.581084,5,0.490226,5,0.561989,5,Very High
739,26125131400,0.555294,4,0.479384,4,0.352878,4,0.462519,4,High
740,26125131600,0.697926,4,0.176877,3,0.390142,4,0.421648,4,High
741,26125131800,0.290949,4,0.386749,4,0.279843,4,0.31918,4,High
742,26125132100,0.772136,5,0.872549,5,0.616295,5,0.75366,5,Very High
743,26125132600,0.83975,5,1.117865,5,0.805819,5,0.921145,5,Very High
744,26125132700,0.73418,5,1.304821,5,0.461911,4,0.833637,5,Very High
745,26125133002,0.600712,4,0.984861,5,0.636128,5,0.740567,5,Very High
746,26125133003,0.910434,5,0.492185,4,0.207935,3,0.536851,4,High
747,26125133100,0.298407,4,0.081181,3,-0.735769,1,-0.118727,2,Low
748,26125134000,0.918064,5,0.608381,5,0.472101,5,0.666182,5,Very High
749,26125134400,0.990125,5,0.953561,5,0.517471,5,0.820386,5,Very High
750,26125134500,0.842954,5,0.502405,4,0.531942,5,0.625767,5,Very High
751,26125134600,0.814552,5,0.753593,5,0.412187,4,0.660111,5,Very High
752,26125134700,0.71782,5,0.051309,3,-0.020602,2,0.249509,3,Moderate
753,26125134900,0.541558,4,0.181884,3,0.017419,3,0.246954,3,Moderate
754,26147648000,0.140706,3,-0.378229,2,-0.169909,2,-0.135811,2,Low
755,26125187000,0.312559,4,0.898929,5,0.734073,5,0.64852,5,Very High
756,26125188000,1.187209,5,0.844618,5,0.830275,5,0.954034,5,Very High
757,26125190200,1.048916,5,0.717785,5,0.900307,5,0.889002,5,Very High
758,26125190400,0.678055,4,2.52864,5,0.58056,5,1.262418,5,Very High
759,26125190700,1.196035,5,1.068117,5,0.898047,5,1.054066,5,Very High
760,26125190800,1.332965,5,1.081989,5,0.91252,5,1.109158,5,Very High
761,26125191100,1.177846,5,-0.015775,3,-0.070882,2,0.36373,4,High
762,26125191200,0.146679,3,0.260076,4,0.398489,4,0.268414,4,High
763,26125191300,1.322466,5,0.669102,5,0.904827,5,0.965465,5,Very High
764,26125192000,0.963265,5,0.459135,4,0.400664,4,0.607688,5,Very High
765,26125192400,1.23797,5,0.535223,4,0.650046,5,0.807746,5,Very High
766,26125192500,1.22521,5,1.26838,5,0.995052,5,1.162881,5,Very High
767,26125192800,1.065154,5,0.236913,3,-0.335097,2,0.322323,4,High
768,26125193000,1.229864,5,0.42259,4,0.596534,5,0.749663,5,Very High
769,26125193100,1.230391,5,0.422786,4,0.538209,5,0.730462,5,Very High
770,26125193400,0.994484,5,0.712722,5,0.695155,5,0.800787,5,Very High
771,26125193500,0.636111,4,-0.626529,1,-0.19074,2,-0.060386,2,Low
772,26125193600,0.947595,5,-0.200007,2,0.422333,4,0.389974,4,High
773,26125193700,1.035089,5,0.125285,3,0.243916,3,0.468096,4,High
774,26125194100,1.235129,5,0.672966,5,0.636899,5,0.848331,5,Very High
775,26125194200,0.990398,5,0.35533,4,0.641193,5,0.662307,5,Very High
776,26125194300,1.252201,5,0.534888,4,0.614995,5,0.800695,5,Very High
777,26125194500,0.595446,4,0.313446,4,0.167945,3,0.358946,4,High
778,26125194600,0.640958,4,0.301946,4,0.463995,4,0.468966,4,High
779,26125196100,0.939399,5,0.502171,4,0.541126,5,0.660898,5,Very High
780,26125196200,1.24592,5,0.627038,5,0.688482,5,0.853813,5,Very High
781,26125196400,0.856622,5,1.030141,5,0.873886,5,0.920216,5,Very High
782,26125196500,1.075902,5,0.640182,5,0.800661,5,0.838915,5,Very High
783,26125196600,1.036681,5,1.151733,5,0.939704,5,1.042706,5,Very High
784,26125135000,0.045973,3,-0.226334,2,0.085063,3,-0.031766,3,Moderate
785,26125135100,0.768671,5,0.974083,5,0.73188,5,0.824878,5,Very High
786,26125135200,0.505809,4,0.920637,5,0.453516,4,0.626654,5,Very High
787,26125136000,1.014719,5,0.790551,5,0.058035,3,0.621101,5,Very High
788,26125136101,1.131507,5,0.814616,5,0.502752,5,0.816292,5,Very High
789,26125136102,0.777241,5,0.372851,4,0.088333,3,0.412808,4,High
790,26125136500,1.138674,5,0.615223,5,0.261596,4,0.671831,5,Very High
791,26125136600,1.234704,5,0.827853,5,0.340967,4,0.801175,5,Very High
792,26125136700,1.219889,5,0.774052,5,0.469469,5,0.821137,5,Very High
793,26125136800,0.766897,5,0.55357,5,0.363104,4,0.561191,5,Very High
794,26125137400,1.214283,5,1.525371,5,1.184926,5,1.308193,5,Very High
795,26125137700,0.807226,5,0.506472,4,0.365232,4,0.559643,5,Very High
796,26125137800,1.253113,5,0.967189,5,0.595965,5,0.938755,5,Very High
797,26125138100,1.000595,5,0.732639,5,0.787002,5,0.840079,5,Very High
798,26125138301,0.497242,4,0.299013,4,0.382415,4,0.39289,4,High
799,26125138302,0.998418,5,0.727939,5,0.504425,5,0.743594,5,Very High
800,26125139200,0.905594,5,0.270825,4,0.240588,3,0.472336,4,High
801,26125139400,1.037457,5,0.693288,5,0.401187,4,0.710644,5,Very High
802,26125140100,-0.54783,2,0.006209,3,0.09067,3,-0.150317,2,Low
803,26125140302,-0.107988,3,0.470739,4,0.103911,3,0.155554,3,Moderate
804,26125140500,-0.209839,2,-0.012284,3,-0.212066,2,-0.14473,2,Low
805,26125140700,0.279574,4,0.190211,3,-0.089205,2,0.12686,3,Moderate
806,26125140800,0.685619,4,0.134592,3,0.13098,3,0.317064,4,High
807,26125140900,-1.02021,1,-0.275008,2,-0.337621,2,-0.54428,2,Low
808,26125141000,-0.562921,2,0.066063,3,-0.417351,2,-0.304736,2,Low
809,26125141200,-0.738086,1,-0.776978,1,-0.923666,1,-0.81291,1,Very Low
810,26125196800,1.358405,5,1.357511,5,0.95374,5,1.223219,5,Very High
811,26125196900,1.19678,5,0.737673,5,0.385255,4,0.773236,5,Very High
812,26125197100,1.243392,5,0.712347,5,0.608915,5,0.854885,5,Very High
813,26125197200,0.981582,5,0.8134,5,0.677175,5,0.824052,5,Very High
814,26125197300,0.273648,4,0.356094,4,0.302107,4,0.310616,4,High
815,26125197400,0.62783,4,-0.318305,2,-0.35194,2,-0.014138,3,Moderate
816,26125197600,1.351715,5,0.173576,3,-0.114368,2,0.470308,4,High
817,26125197701,1.108413,5,0.147679,3,-0.005149,2,0.416981,4,High
818,26125197702,1.163778,5,0.455873,4,-0.35987,2,0.419927,4,High
819,26125198000,1.226178,5,0.739159,5,0.654021,5,0.873119,5,Very High
820,26125198100,0.2679,4,-0.154522,2,-0.254643,2,-0.047088,2,Low
821,26125981000,0.363658,4,-0.250475,2,-0.01483,2,0.032784,3,Moderate
822,26125141300,-0.85794,1,-0.257331,2,-0.134606,2,-0.416626,2,Low
823,26125141400,-1.052426,1,-0.888713,1,-0.54078,2,-0.827306,1,Very Low
824,26125141500,-0.832298,1,-0.829931,1,-0.496404,2,-0.719544,1,Very Low
825,26125141600,-1.003517,1,-1.022765,1,-0.564362,1,-0.863548,1,Very Low
826,26125142000,-1.24825,1,-0.232083,2,-0.836812,1,-0.772382,1,Very Low
827,26125142100,-0.840514,1,-0.64346,1,-1.100563,1,-0.861512,1,Very Low
828,26125142200,-0.89514,1,-1.865567,1,-0.854191,1,-1.204966,1,Very Low
829,26125142300,-1.100384,1,-1.246476,1,-0.623515,1,-0.990125,1,Very Low
830,26125142400,-0.727366,2,-1.045574,1,-0.623029,1,-0.798656,1,Very Low
831,26125142500,-0.632773,2,-0.75267,1,-0.411671,2,-0.599038,2,Low
832,26125142700,-0.825408,1,-1.05474,1,-0.345398,2,-0.741849,1,Very Low
833,26125143500,0.003298,3,0.172132,3,0.425457,4,0.200295,3,Moderate
834,26125144100,-0.010326,3,0.203787,3,0.246892,3,0.146784,3,Moderate
835,26125144500,0.339526,4,0.099428,3,0.44067,4,0.293208,4,High
836,26125144600,0.363966,4,0.271329,4,0.403079,4,0.346125,4,High
837,26125144701,-0.045391,3,-0.430904,2,-0.319455,2,-0.26525,2,Low
838,26125144900,0.011054,3,-0.025371,2,0.02531,3,0.003665,3,Moderate
839,26125145100,0.140024,3,0.216253,3,0.386572,4,0.247616,3,Moderate
840,26125145200,0.070117,3,1.112291,5,0.245284,3,0.475898,4,High
841,26125145300,0.117602,3,0.115459,3,0.136318,3,0.123126,3,Moderate
842,26125145400,0.050139,3,0.223303,3,0.091543,3,0.121661,3,Moderate
843,26125145502,-0.209409,2,0.407023,4,0.28366,4,0.160425,3,Moderate
844,26125145700,-0.145553,3,0.097965,3,0.122117,3,0.024843,3,Moderate
845,26125145900,0.028161,3,-0.352164,2,-0.309267,2,-0.21109,2,Low
846,26125150000,1.061142,5,0.460346,4,0.532716,5,0.684735,5,Very High
847,26125150100,-0.157793,3,0.176103,3,0.230967,3,0.083092,3,Moderate
848,26125150200,1.251443,5,1.378368,5,1.404111,5,1.344641,5,Very High
849,26125150300,0.986552,5,0.80799,5,0.652989,5,0.815844,5,Very High
850,26125150500,1.249333,5,0.72053,5,1.032136,5,1.000666,5,Very High
851,26125150600,0.974626,5,0.865914,5,1.005335,5,0.948625,5,Very High
852,26125150800,1.281425,5,1.002009,5,0.895498,5,1.059644,5,Very High
853,26125150900,1.200797,5,0.639214,5,0.776968,5,0.872326,5,Very High
854,26125151000,1.202954,5,1.16667,5,1.128173,5,1.165933,5,Very High
855,26125152000,1.138561,5,0.963578,5,1.484393,5,1.195511,5,Very High
856,26125152600,1.277386,5,1.253901,5,1.250594,5,1.260627,5,Very High
857,26125152900,1.34304,5,0.663525,5,0.342029,4,0.782865,5,Very High
858,26125153000,1.307084,5,0.554735,5,0.296939,4,0.719586,5,Very High
859,26125153100,1.302796,5,0.863564,5,0.917877,5,1.028079,5,Very High
860,26125153300,1.18362,5,0.934782,5,0.696995,5,0.938466,5,Very High
861,26125154000,-0.077428,3,0.598459,5,0.395354,4,0.305462,4,High
862,26125154100,1.014902,5,0.716746,5,0.529127,5,0.753592,5,Very High
863,26125154200,0.497069,4,-0.071253,2,0.013245,3,0.146354,3,Moderate
864,26125154500,0.9834,5,1.395869,5,1.272859,5,1.217376,5,Very High
865,26125154600,1.009939,5,0.536424,4,0.711391,5,0.752585,5,Very High
866,26125156100,0.77406,5,1.038601,5,0.8831,5,0.898587,5,Very High
867,26125156200,0.810548,5,0.997775,5,0.690438,5,0.83292,5,Very High
868,26125156300,1.131035,5,0.94839,5,0.795167,5,0.958197,5,Very High
869,26125156400,1.136155,5,0.790314,5,0.804773,5,0.910414,5,Very High
870,26125156900,0.880109,5,1.024741,5,0.663545,5,0.856132,5,Very High
871,26125157000,1.19908,5,1.04009,5,0.694718,5,0.977963,5,Very High
872,26125157200,0.644942,4,0.717316,5,0.222976,3,0.528411,4,High
873,26125157300,0.6443,4,0.829313,5,0.407439,4,0.627017,5,Very High
874,26125157500,1.04387,5,0.697106,5,0.045004,3,0.595327,5,Very High
875,26125157600,0.820373,5,0.548543,5,0.428058,4,0.598991,5,Very High
876,26125157800,1.055401,5,0.572254,5,0.388251,4,0.671968,5,Very High
877,26125157900,1.046583,5,0.689891,5,0.72416,5,0.820211,5,Very High
878,26125158000,1.216385,5,0.943203,5,0.981199,5,1.046929,5,Very High
879,26125158100,1.336144,5,0.833366,5,0.775772,5,0.981761,5,Very High
880,26125159000,1.347079,5,1.3148,5,1.128119,5,1.263332,5,Very High
881,26125160000,0.262492,3,0.543683,4,0.445568,4,0.417248,4,High
882,26125160300,0.01102,3,0.107676,3,-0.910007,1,-0.26377,2,Low
883,26125160500,0.6144,4,-0.208732,2,0.048949,3,0.151539,3,Moderate
884,26125160600,0.214601,3,0.477725,4,0.282354,4,0.324893,4,High
885,26125160700,0.269684,4,0.397085,4,0.372039,4,0.34627,4,High
886,26125160800,0.352526,4,0.281918,4,0.184258,3,0.272901,4,High
887,26125161000,-0.191011,2,0.123077,3,-0.011123,2,-0.026352,3,Moderate
888,26125161100,-0.134845,3,0.030201,3,-0.295416,2,-0.133353,2,Low
889,26125161200,0.04007,3,0.606509,5,0.328924,4,0.325168,4,High
890,26125161400,0.224578,3,0.094721,3,0.01382,3,0.111039,3,Moderate
891,26125161500,0.072263,3,0.15112,3,-0.003597,2,0.073262,3,Moderate
892,26125161600,0.182577,3,0.454241,4,-0.170967,2,0.155284,3,Moderate
893,26125161800,0.124684,3,0.208294,3,-0.277845,2,0.018378,3,Moderate
894,26125161900,0.368029,4,0.488458,4,0.263406,4,0.373298,4,High
895,26125162000,0.207453,3,0.763366,5,0.39521,4,0.455343,4,High
896,26125162200,-0.674043,2,0.037166,3,-0.897264,1,-0.511381,2,Low
897,26125162300,0.282246,4,0.106228,3,0.181365,3,0.189946,3,Moderate
898,26125162400,0.044052,3,0.411275,4,0.144863,3,0.200063,3,Moderate
899,26125162500,-0.469234,2,-0.19085,2,-0.38396,2,-0.348015,2,Low
900,26125165100,0.887653,5,0.546066,4,0.361552,4,0.598423,5,Very High
901,26125165200,0.936147,5,0.504584,4,0.202171,3,0.547634,4,High
902,26125166000,0.882964,5,0.748064,5,0.27328,4,0.634769,5,Very High
903,26125166200,0.801665,5,1.262311,5,0.914347,5,0.992774,5,Very High
904,26125166400,0.748585,5,0.820932,5,0.650394,5,0.73997,5,Very High
905,26125166500,0.951354,5,0.88021,5,0.61748,5,0.816348,5,Very High
906,26125166700,0.985196,5,1.038547,5,0.836255,5,0.953333,5,Very High
907,26125166800,0.527549,4,0.535144,4,0.41975,4,0.494148,4,High
908,26125167000,0.908958,5,1.003939,5,0.571315,5,0.828071,5,Very High
909,26125167300,0.039625,3,0.034489,3,0.005701,3,0.026605,3,Moderate
910,26125167400,0.671983,4,0.149187,3,0.087041,3,0.302737,4,High
911,26125167800,1.050118,5,0.906852,5,0.337821,4,0.76493,5,Very High
912,26125167900,0.776142,5,0.716339,5,0.794574,5,0.762352,5,Very High
913,26125168400,0.723495,5,1.224245,5,0.729924,5,0.892555,5,Very High
914,26125168500,0.70134,4,0.184229,3,0.004945,3,0.296838,4,High
915,26125168600,0.82948,5,0.677417,5,0.287876,4,0.598258,5,Very High
916,26125168700,1.010931,5,1.001707,5,0.586555,5,0.866398,5,Very High
917,26125168900,0.60968,4,0.482755,4,-0.215778,2,0.292219,4,High
918,26125170000,1.093705,5,0.660288,5,0.599217,5,0.784403,5,Very High
919,26125170100,1.025804,5,0.231959,3,0.223627,3,0.493797,4,High
920,26125170300,1.04805,5,0.605186,5,0.451166,4,0.701467,5,Very High
921,26125170400,1.073503,5,0.628502,5,0.363491,4,0.688499,5,Very High
922,26125171000,0.784064,5,0.1642,3,0.03794,3,0.328735,4,High
923,26125171100,0.334063,4,-0.029081,2,0.003095,3,0.102692,3,Moderate
924,26125171300,-0.275274,2,-0.088779,2,0.242954,3,-0.040366,2,Low
925,26125171400,-0.218448,2,0.029604,3,0.040668,3,-0.049392,2,Low
926,26125171500,-0.460798,2,-0.240561,2,0.010736,3,-0.230208,2,Low
927,26125171600,-0.599921,2,-0.85892,1,-0.519952,2,-0.659598,1,Very Low
928,26125172500,-0.546348,2,-1.063599,1,-0.483939,2,-0.697962,1,Very Low
929,26125173000,-0.03297,3,0.206175,3,-0.157122,2,0.005361,3,Moderate
930,26125173100,-0.633067,2,-0.318303,2,-0.159138,2,-0.370169,2,Low
931,26125173300,0.346784,4,0.35086,4,0.218919,3,0.305521,4,High
932,26163587000,0.405308,4,0.221762,3,0.07869,3,0.235253,3,Moderate
933,26163587900,0.107534,3,0.137657,3,0.269898,4,0.171696,3,Moderate
934,26163588000,-0.020515,3,0.260754,4,-0.190893,2,0.016449,3,Moderate
935,26163588100,-0.082705,3,-0.210654,2,-0.023059,2,-0.105473,2,Low
936,26163588200,0.192037,3,0.273707,4,-0.323318,2,0.047476,3,Moderate
937,26163588300,0.294576,4,0.475645,4,0.429809,4,0.40001,4,High
938,26163588400,0.117761,3,0.518543,4,0.467057,4,0.367787,4,High
939,26163589400,-0.339474,2,0.294133,4,0.29311,4,0.082589,3,Moderate
940,26163590400,0.217215,3,0.549784,5,0.469582,5,0.412193,4,High
941,26163590500,0.310202,4,0.069664,3,0.3416,4,0.240489,3,Moderate
942,26163590600,0.337852,4,0.365325,4,0.457427,4,0.386868,4,High
943,26163591600,-0.450874,2,0.215301,3,0.495066,5,0.086497,3,Moderate
944,26163591700,0.207322,3,0.314306,4,0.484053,5,0.335227,4,High
945,26163591800,0.261932,3,0.12146,3,0.155046,3,0.179479,3,Moderate
946,26163591900,0.384036,4,0.260008,4,0.346581,4,0.330208,4,High
947,26163592000,0.355949,4,0.66004,5,0.555548,5,0.523846,4,High
948,26163593200,0.296722,4,0.445281,4,0.224781,3,0.322262,4,High
949,26163593300,0.328711,4,0.474395,4,0.439235,4,0.414114,4,High
950,26163594000,0.203486,3,-0.123528,2,-0.289589,2,-0.069877,2,Low
951,26163594200,0.619429,4,0.475783,4,0.568393,5,0.554535,5,Very High
952,26163594300,0.638611,4,0.605206,5,0.456081,4,0.566633,5,Very High
953,26125173400,0.071756,3,0.159246,3,0.084776,3,0.105259,3,Moderate
954,26125173500,0.284961,4,0.081322,3,0.007451,3,0.124578,3,Moderate
955,26125173600,-0.19055,2,-0.073523,2,-0.081875,2,-0.115316,2,Low
956,26125175000,-0.764169,1,-0.223682,2,-0.244517,2,-0.410789,2,Low
957,26125175100,-0.363654,2,-0.553191,2,-0.247227,2,-0.388024,2,Low
958,26125175300,-0.29304,2,-0.385691,2,-0.349492,2,-0.342741,2,Low
959,26125180000,0.467578,4,0.198614,3,0.368204,4,0.344799,4,High
960,26125180100,0.587274,4,0.326784,4,0.283399,4,0.399152,4,High
961,26125180300,0.495064,4,0.282041,4,0.268382,4,0.348496,4,High
962,26125181000,-0.120083,3,-0.942769,1,-0.657911,1,-0.573588,2,Low
963,26125181100,0.246895,3,0.221945,3,0.341899,4,0.270247,4,High
964,26125181200,0.167497,3,-0.377342,2,0.191355,3,-0.006164,3,Moderate
965,26125181400,-0.083376,3,0.193584,3,0.174868,3,0.095025,3,Moderate
966,26125181500,0.104743,3,0.068142,3,0.046626,3,0.07317,3,Moderate
967,26147650100,0.49233,4,-0.036282,2,0.196795,3,0.217614,3,Moderate
968,26147650200,0.503864,4,0.12356,3,0.39753,4,0.341651,4,High
969,26147651200,0.116943,3,0.572774,5,0.374225,4,0.354647,4,High
970,26147651600,0.394945,4,0.099342,3,0.43675,4,0.310346,4,High
971,26147652100,0.408608,4,0.003995,3,0.405594,4,0.272732,4,High
972,26147652600,0.354258,4,-0.095545,2,0.43147,4,0.230061,3,Moderate
973,26147655600,0.422826,4,0.412346,4,0.393897,4,0.409689,4,High
974,26147657100,0.038478,3,-0.352059,2,-0.045954,2,-0.119845,2,Low
975,26147657200,0.296075,4,0.030226,3,0.45271,4,0.25967,3,Moderate
976,26147658500,0.019591,3,0.249206,3,0.525075,5,0.264624,4,High
977,26087330000,-0.296341,2,-0.124046,2,0.301516,4,-0.039624,2,Low
978,26087331000,-0.320508,2,-0.494399,2,0.075505,3,-0.246468,2,Low
979,26087331500,-0.023691,3,0.033568,3,0.364813,4,0.124897,3,Moderate
980,26087332000,0.305014,4,0.039612,3,0.183762,3,0.176129,3,Moderate
981,26087332500,0.091944,3,-0.099023,2,0.178266,3,0.057062,3,Moderate
982,26087333500,0.209526,3,0.158844,3,0.410775,4,0.259715,3,Moderate
983,26087334000,-0.105601,3,-0.081536,2,0.157003,3,-0.010045,3,Moderate
984,26087334500,0.408057,4,0.514264,4,0.529676,5,0.483999,4,High
985,26087336000,0.154089,3,0.13786,3,0.331793,4,0.207914,3,Moderate
986,26087337000,-0.068575,3,-0.512741,2,-0.220113,2,-0.267143,2,Low
987,26087337500,-0.093049,3,-0.091696,2,-0.137803,2,-0.107516,2,Low
988,26087338000,0.183891,3,0.249969,3,0.4671,4,0.30032,4,High
989,26087339000,-0.316377,2,0.325325,4,0.413145,4,0.140698,3,Moderate
990,26087339500,-0.253047,2,-0.229435,2,-0.228517,2,-0.237,2,Low
991,26087340000,0.689945,4,0.308484,4,0.548043,5,0.51549,4,High
992,26087340500,0.435012,4,-0.017242,3,0.202802,3,0.206858,3,Moderate
993,26087341000,0.655074,4,-0.492519,2,0.466442,4,0.209665,3,Moderate
994,26087342000,0.282861,4,0.236199,3,0.466516,4,0.328525,4,High
995,26087342100,0.245441,3,0.406226,4,0.470756,5,0.374141,4,High
996,26163594400,0.389072,4,0.392845,4,-0.001542,3,0.260125,3,Moderate
997,26163595000,0.237223,3,0.315484,4,0.148458,3,0.233722,3,Moderate
998,26163595100,0.439147,4,0.599494,5,0.228075,3,0.422239,4,High
999,26163595200,0.298068,4,0.480919,4,0.07562,3,0.284869,4,High
1000,26163596100,1.055428,5,0.24487,3,0.715382,5,0.671893,5,Very High
1001,26163596300,0.953764,5,0.70188,5,0.764112,5,0.806585,5,Very High
1002,26163597000,-0.017797,3,0.053539,3,0.173819,3,0.069854,3,Moderate
1003,26163598000,0.26963,4,0.532151,4,0.214895,3,0.338892,4,High
1004,26163599000,0.239183,3,-0.135926,2,0.197581,3,0.100279,3,Moderate
1005,26163599100,0.016685,3,-0.198469,2,0.096506,3,-0.028426,3,Moderate
1006,26163985400,-0.206561,2,0.114094,3,-0.01145,2,-0.034639,3,Moderate
1007,26163985600,-0.80426,1,0.126783,3,-0.01483,2,-0.230769,2,Low
1008,26163985700,-0.086311,3,-0.259325,2,-0.01483,2,-0.120155,2,Low
1009,26163990100,-0.525895,2,-0.153034,2,0,3,-0.22631,2,Low
1010,26115830100,0.041911,3,0.424271,4,0.328552,4,0.264911,4,High
1011,26115830200,0.121869,3,1.398665,5,0.333926,4,0.618153,5,Very High
1012,26115830400,0.148288,3,0.46722,4,0.409715,4,0.341741,4,High
1013,26115830500,0.172853,3,0.471704,4,0.428417,4,0.357658,4,High
1014,26115830600,0.271517,4,0.303264,4,0.439468,4,0.338083,4,High
1015,26115830700,0.504478,4,0.758225,5,0.281044,4,0.514582,4,High
1016,26115830800,0.357099,4,0.239,3,0.21096,3,0.26902,4,High
1017,26115830900,0.051399,3,0.230309,3,0.459077,4,0.246928,3,Moderate
1018,26115831000,0.715866,4,0.67553,5,0.586782,5,0.659393,5,Very High
1019,26115831200,-0.212699,2,0.045138,3,0.031956,3,-0.045202,2,Low
1020,26115831300,-0.10208,3,-0.060021,2,0.00216,3,-0.053314,2,Low
1021,26115831400,-0.110492,3,0.145954,3,0.01311,3,0.01619,3,Moderate
1022,26115831500,0.146613,3,0.442924,4,0.215793,3,0.268443,4,High
1023,26115831600,-0.150657,3,0.460752,4,-0.023656,2,0.09548,3,Moderate
1024,26115831700,0.182646,3,0.441695,4,0.067514,3,0.230618,3,Moderate
1025,26115831900,-0.4489,2,-0.360828,2,-0.32818,2,-0.379302,2,Low
1026,26115832000,-0.123731,3,0.597273,5,-0.101841,2,0.1239,3,Moderate
1027,26115832100,-0.755464,1,-0.225467,2,-0.407059,2,-0.462663,2,Low
1028,26115832300,-0.170554,3,0.202474,3,0.053646,3,0.028522,3,Moderate
1029,26115832400,0.255665,3,0.652129,5,0.459734,4,0.455842,4,High
1030,26115832500,-0.27148,2,0.168177,3,0.167211,3,0.021303,3,Moderate
1031,26115832600,-0.097985,3,0.734004,5,0.378203,4,0.338074,4,High
1032,26115832700,-0.184352,2,0.758052,5,0.327157,4,0.300286,4,High
1033,26115832900,0.064513,3,0.438037,4,0.419479,4,0.307343,4,High
1034,26115833000,0.962661,5,0.42493,4,0.495818,5,0.627803,5,Very High
1035,26115833100,0.657531,4,0.831666,5,0.454894,4,0.648031,5,Very High
1036,26115833300,0.577474,4,0.563807,5,0.548844,5,0.563375,5,Very High
1037,26115833500,0.383215,4,-0.074289,2,0.098697,3,0.135874,3,Moderate
1038,26115833600,-0.700583,2,0.219318,3,0.320423,4,-0.053614,2,Low
1039,26115833700,-0.085812,3,0.184998,3,0.148503,3,0.082563,3,Moderate
1040,26115833900,0.525655,4,0.729625,5,0.598196,5,0.617825,5,Very High
1041,26099256800,-0.095328,3,0.182049,3,0.280652,4,0.122458,3,Moderate
1042,26099258100,-0.457895,2,-0.571503,2,0.104915,3,-0.308161,2,Low
1043,26099258200,-0.762263,1,-0.384644,2,0.085785,3,-0.353707,2,Low
1044,26099258300,-0.686303,2,0.005401,3,0.028039,3,-0.217621,2,Low
1045,26099258400,-0.694785,2,-0.036305,2,0.122329,3,-0.20292,2,Low
1046,26099258600,-0.738644,1,-0.414626,2,-0.162612,2,-0.438627,2,Low
1047,26099258700,-0.641369,2,-0.181475,2,0.105023,3,-0.239274,2,Low
1048,26099258800,-0.233971,2,0.30227,4,0.28468,4,0.11766,3,Moderate
1049,26099260000,0.040397,3,0.44418,4,0.488504,5,0.32436,4,High
1050,26099260100,0.035662,3,0.354831,4,0.112702,3,0.167732,3,Moderate
1051,26099260200,0.223756,3,0.637828,5,0.48168,5,0.447755,4,High
1052,26099260300,0.098171,3,0.199033,3,0.408908,4,0.235371,3,Moderate
1053,26099260400,0.261456,3,0.200494,3,0.350824,4,0.270925,4,High
1054,26099260700,0.239928,3,-0.025239,2,0.186565,3,0.133751,3,Moderate
1055,26099260800,0.317416,4,0.00632,3,0.493826,5,0.272521,4,High
1056,26099261000,0.443529,4,0.095043,3,0.313972,4,0.284181,4,High
1057,26099261100,0.104897,3,-0.117933,2,0.001529,3,-0.003836,3,Moderate
1058,26099261200,-0.031384,3,0.260127,4,0.396693,4,0.208479,3,Moderate
1059,26099261400,-0.079108,3,0.405836,4,0.457521,4,0.261416,3,Moderate
1060,26099261500,-0.216739,2,0.034611,3,0.002264,3,-0.059954,2,Low
1061,26099261700,-0.000828,3,0.293414,4,-0.052827,2,0.07992,3,Moderate
1062,26099261800,0.157982,3,0.201397,3,0.406088,4,0.255156,3,Moderate
1063,26099261900,-0.030664,3,0.160545,3,0.116159,3,0.082013,3,Moderate
1064,26099262000,0.133709,3,0.311999,4,0.359957,4,0.268555,4,High
1065,26099262200,0.297666,4,0.164783,3,0.388488,4,0.283646,4,High
1066,26099262300,-0.25078,2,0.276418,4,-0.015423,2,0.003405,3,Moderate
1067,26099262400,-0.430085,2,-0.146844,2,0.111925,3,-0.155002,2,Low
1068,26099262500,-0.18121,2,0.092333,3,0.174177,3,0.028433,3,Moderate
1069,26099262700,-0.243021,2,0.438982,4,0.121843,3,0.105935,3,Moderate
1070,26099262800,0.163695,3,-0.061525,2,0.045543,3,0.049238,3,Moderate
1071,26099262900,-0.398999,2,-0.117138,2,-0.042351,2,-0.186162,2,Low
1072,26099263200,-0.674443,2,-0.344266,2,-0.363822,2,-0.460844,2,Low
1073,26163550100,1.234125,5,0.811201,5,0.634235,5,0.893187,5,Very High
1074,26163550200,1.030869,5,0.221571,3,0.125181,3,0.459207,4,High
1075,26163550400,0.969917,5,0.547233,4,0.361444,4,0.626198,5,Very High
1076,26163550500,1.048858,5,0.914424,5,0.717376,5,0.893553,5,Very High
1077,26163550600,1.254626,5,1.127148,5,1.302545,5,1.228106,5,Very High
1078,26163550700,1.252032,5,0.792855,5,0.683793,5,0.90956,5,Very High
1079,26163550900,1.262037,5,1.202225,5,1.060519,5,1.174927,5,Very High
1080,26163551100,1.239076,5,0.721698,5,0.769205,5,0.909993,5,Very High
1081,26163551200,1.171485,5,0.649306,5,0.514171,5,0.778321,5,Very High
1082,26163551300,0.54119,4,-0.156255,2,-0.047603,2,0.112444,3,Moderate
1083,26163551400,0.826865,5,-0.135871,2,0.006135,3,0.232376,3,Moderate
1084,26163551600,-0.658969,2,-0.114304,2,-0.140927,2,-0.304733,2,Low
1085,26163551700,1.174,5,0.871804,5,0.794774,5,0.946859,5,Very High
1086,26163554100,-0.168659,3,0.006211,3,0.017428,3,-0.04834,2,Low
1087,26163554200,-0.12725,3,0.046549,3,0.123537,3,0.014279,3,Moderate
1088,26163554300,-0.161729,3,0.370924,4,0.293275,4,0.16749,3,Moderate
1089,26163554500,-0.308002,2,-0.25067,2,0.010004,3,-0.182889,2,Low
1090,26163554600,-0.210355,2,-0.146735,2,0.256588,3,-0.033501,3,Moderate
1091,26163554700,-0.359044,2,-0.085644,2,0.25905,4,-0.061879,2,Low
1092,26163554800,-0.13364,3,-0.242222,2,0.159018,3,-0.072281,2,Low
1093,26163555100,-0.026689,3,0.099307,3,0.292454,4,0.121691,3,Moderate
1094,26163555300,0.08902,3,-0.33922,2,0.213665,3,-0.012178,3,Moderate
1095,26163555400,-0.447107,2,0.348522,4,0.014944,3,-0.02788,3,Moderate
1096,26163555500,-0.091596,3,0.248351,3,0.29996,4,0.152238,3,Moderate
1097,26163556100,0.072292,3,0.250834,4,0.151436,3,0.158187,3,Moderate
1098,26163556200,0.432429,4,0.324587,4,0.243167,3,0.333394,4,High
1099,26163556300,0.805161,5,0.573385,5,0.265953,4,0.548167,5,Very High
1100,26163556500,0.676112,4,0.599957,5,0.500303,5,0.592124,5,Very High
1101,26163556600,0.918175,5,0.988184,5,0.718197,5,0.874852,5,Very High
1102,26163556800,0.902726,5,0.46017,4,0.586116,5,0.649671,5,Very High
1103,26163556900,0.785146,5,0.533346,4,0.576194,5,0.631562,5,Very High
1104,26163557000,0.211139,3,0.261372,4,0.129665,3,0.200726,3,Moderate
1105,26163557200,0.710682,4,0.362307,4,0.368595,4,0.480528,4,High
1106,26163557300,0.797323,5,0.493863,4,0.570114,5,0.620433,5,Very High
1107,26163557500,0.516491,4,0.661217,5,0.68017,5,0.619293,5,Very High
1108,26163557600,0.852816,5,0.901274,5,0.654239,5,0.802776,5,Very High
1109,26163557700,0.887621,5,0.563925,5,0.568911,5,0.673485,5,Very High
1110,26163557900,0.824646,5,0.621684,5,0.546689,5,0.66434,5,Very High
1111,26163558100,0.709897,4,0.171403,3,0.533736,5,0.471679,4,High
1112,26163558200,0.797214,5,0.226868,3,0.27931,4,0.434464,4,High
1113,26163558300,0.456517,4,0.113759,3,0.233538,3,0.267938,4,High
1114,26163558500,0.739587,5,0.515395,4,0.528407,5,0.594463,5,Very High
1115,26163558600,0.837238,5,0.432021,4,0.469106,5,0.579455,5,Very High
1116,26163558700,0.940708,5,0.488979,4,0.511756,5,0.647148,5,Very High
1117,26163558800,0.72094,5,0.423089,4,0.463989,4,0.536006,4,High
1118,26163559000,0.900103,5,0.611831,5,0.36021,4,0.624048,5,Very High
1119,26163559100,0.747461,5,0.424264,4,0.381039,4,0.517588,4,High
1120,26163560100,1.109482,5,0.86138,5,0.490229,5,0.820364,5,Very High
1121,26163560200,1.234519,5,0.5368,4,0.082831,3,0.61805,5,Very High
1122,26163560300,0.894915,5,0.592586,5,0.483718,5,0.657073,5,Very High
1123,26163560400,1.157259,5,0.830699,5,0.612492,5,0.866817,5,Very High
1124,26163561300,1.285923,5,1.606993,5,1.23589,5,1.376269,5,Very High
1125,26163561700,0.231526,3,0.047268,3,0.198346,3,0.159047,3,Moderate
1126,26163562300,0.953925,5,0.994262,5,0.778127,5,0.908771,5,Very High
1127,26163562400,1.060563,5,1.135117,5,0.782898,5,0.992859,5,Very High
1128,26163562500,0.699255,4,0.214323,3,-0.018848,2,0.298244,4,High
1129,26163562700,1.067745,5,0.594487,5,0.374321,4,0.678851,5,Very High
1130,26163562800,0.987123,5,0.611673,5,0.35817,4,0.652322,5,Very High
1131,26163562900,0.562545,4,0.320054,4,0.326749,4,0.403116,4,High
1132,26163563300,0.721864,5,0.003353,3,0.157836,3,0.294351,4,High
1133,26163563400,1.069494,5,0.610578,5,0.487687,5,0.722586,5,Very High
1134,26163563500,1.107763,5,0.623643,5,0.774869,5,0.835425,5,Very High
1135,26163563700,1.01705,5,0.593628,5,0.408361,4,0.673013,5,Very High
1136,26163563800,0.999836,5,0.386442,4,0.508218,5,0.631499,5,Very High
1137,26163564000,0.951862,5,0.126265,3,-0.446389,2,0.210579,3,Moderate
1138,26163564100,0.453262,4,0.548697,5,0.211488,3,0.404482,4,High
1139,26163564200,0.816573,5,0.408312,4,0.215221,3,0.480036,4,High
1140,26163564401,1.113194,5,0.887061,5,0.983206,5,0.994487,5,Very High
1141,26163564402,0.865052,5,1.045117,5,0.796513,5,0.902227,5,Very High
1142,26163564501,1.154442,5,1.632947,5,0.881576,5,1.222988,5,Very High
1143,26163564502,1.154318,5,1.358646,5,0.826218,5,1.113061,5,Very High
1144,26163564503,-0.861105,1,0.752428,5,0.397452,4,0.096258,3,Moderate
1145,26163564600,1.018442,5,0.791238,5,0.62396,5,0.811213,5,Very High
1146,26163564700,0.978074,5,0.611304,5,0.276411,4,0.62193,5,Very High
1147,26163564800,0.790665,5,0.303377,4,0.561413,5,0.551819,5,Very High
1148,26163565000,0.694396,4,0.625881,5,0.411915,4,0.577397,5,Very High
1149,26163565100,-0.404564,2,-0.068748,2,-0.009278,2,-0.160863,2,Low
1150,26163565200,0.718099,5,0.346779,4,-0.057257,2,0.335874,4,High
1151,26163565600,0.183658,3,0.283498,4,0.502062,5,0.323073,4,High
1152,26163565700,0.075498,3,0.524826,4,0.455644,4,0.351989,4,High
1153,26163565800,-0.104039,3,0.122994,3,0.079961,3,0.032972,3,Moderate
1154,26163566800,-0.268435,2,0.288907,4,-0.132111,2,-0.037213,3,Moderate
1155,26163566900,-0.319779,2,0.065298,3,-0.111428,2,-0.12197,2,Low
1156,26163567000,-0.414632,2,-0.082352,2,-0.055313,2,-0.184099,2,Low
1157,26163567201,0.61173,4,0.418161,4,0.289722,4,0.439871,4,High
1158,26163561600,0.847121,5,0.565591,5,0.275864,4,0.562859,5,Very High
1159,26163567202,0.142576,3,0.048477,3,-0.271142,2,-0.026696,3,Moderate
1160,26163567300,0.523933,4,0.331742,4,0.181826,3,0.345834,4,High
1161,26163567400,0.575655,4,0.336243,4,0.30494,4,0.405613,4,High
1162,26163567900,-0.308279,2,0.325968,4,0.143987,3,0.053892,3,Moderate
1163,26163568200,-0.065985,3,0.414705,4,0.310443,4,0.219721,3,Moderate
1164,26163568300,-0.692473,2,-0.133213,2,-0.209516,2,-0.345067,2,Low
1165,26163568400,-0.191701,2,0.325282,4,0.315159,4,0.14958,3,Moderate
1166,26163568700,-0.09157,3,0.090119,3,-0.02006,2,-0.00717,3,Moderate
1167,26163568800,-0.773443,1,-0.31989,2,-0.639328,1,-0.577553,2,Low
1168,26163568900,-0.147096,3,0.330368,4,0.303044,4,0.162105,3,Moderate
1169,26163569200,-0.263216,2,0.274735,4,0.129684,3,0.047068,3,Moderate
1170,26163569300,-0.223685,2,0.322864,4,0.198399,3,0.099193,3,Moderate
1171,26163569500,0.08737,3,0.691751,5,0.448964,4,0.409362,4,High
1172,26163569600,-0.162314,3,0.314447,4,0.317763,4,0.156632,3,Moderate
1173,26163569700,-0.215788,2,0.21117,3,0.326857,4,0.107413,3,Moderate
1174,26163569900,-0.051118,3,0.330346,4,0.279758,4,0.186329,3,Moderate
1175,26163570100,-0.244425,2,0.025955,3,-0.439755,2,-0.219408,2,Low
1176,26163570200,-0.294718,2,-0.099627,2,-0.138259,2,-0.177535,2,Low
1177,26163570400,-0.364305,2,-0.782379,1,-0.651042,1,-0.599242,2,Low
1178,26163570500,-0.360514,2,-0.626549,1,-0.367923,2,-0.451662,2,Low
1179,26163570800,-0.374821,2,-1.317104,1,-0.549002,2,-0.746976,1,Very Low
1180,26163571000,-0.786011,1,-0.712896,1,-0.462407,2,-0.653772,1,Very Low
1181,26163571500,-0.210396,2,0.12442,3,0.152886,3,0.022303,3,Moderate
1182,26163571600,0.073799,3,0.129771,3,0.082645,3,0.095405,3,Moderate
1183,26163571800,0.243936,3,0.189043,3,0.274914,4,0.235965,3,Moderate
1184,26163571900,0.091252,3,0.216728,3,0.21271,3,0.173564,3,Moderate
1185,26163572000,0.129779,3,0.166195,3,0.20499,3,0.166988,3,Moderate
1186,26163572100,-0.081774,3,-0.013516,3,0.128534,3,0.011082,3,Moderate
1187,26163572400,-0.465859,2,-0.207168,2,-0.082461,2,-0.251829,2,Low
1188,26163572500,-0.162454,3,-0.239139,2,0.029248,3,-0.124115,2,Low
1189,26163572600,-0.385244,2,-0.004978,3,0.158734,3,-0.077163,2,Low
1190,26163572700,-0.033985,3,0.230547,3,0.235235,3,0.143932,3,Moderate
1191,26163572800,-0.901831,1,-0.107443,2,0.087939,3,-0.307112,2,Low
1192,26163573000,0.255987,3,0.596001,5,0.577698,5,0.476562,4,High
1193,26163573100,0.255307,3,0.248359,3,0.229666,3,0.244444,3,Moderate
1194,26163573300,-0.38814,2,-0.47905,2,-0.230954,2,-0.366048,2,Low
1195,26163573500,-0.398313,2,-0.73141,1,-0.670812,1,-0.600178,2,Low
1196,26163573600,-0.522485,2,-0.391636,2,-0.722329,1,-0.545483,2,Low
1197,26163573702,-0.239302,2,-0.616876,1,-0.402197,2,-0.419458,2,Low
1198,26163573800,-0.240875,2,-0.329264,2,-0.379389,2,-0.316509,2,Low
1199,26163573900,-0.455098,2,-0.252191,2,-0.324637,2,-0.343975,2,Low
1200,26163574000,-0.485839,2,-0.4958,2,-0.460201,2,-0.480613,2,Low
1201,26163574202,0.353557,4,0.849656,5,-0.067436,2,0.378592,4,High
1202,26163574300,-0.067754,3,0.299175,4,-0.221999,2,0.00314,3,Moderate
1203,26163574600,0.413749,4,0.698639,5,0.486432,5,0.53294,4,High
1204,26163574700,0.245839,3,0.575389,5,0.502634,5,0.441287,4,High
1205,26163574800,0.492275,4,1.025948,5,0.70802,5,0.742081,5,Very High
1206,26163574900,-0.572318,2,0.341499,4,0.082316,3,-0.049501,2,Low
1207,26163575100,0.350152,4,0.456453,4,0.012043,3,0.272883,4,High
1208,26163575200,0.193416,3,0.330412,4,0.332905,4,0.285578,4,High
1209,26163575400,0.125993,3,0.256334,4,0.347444,4,0.243257,3,Moderate
1210,26163575500,0.141626,3,0.361081,4,0.355101,4,0.285936,4,High
1211,26163575600,0.449087,4,0.427659,4,0.350399,4,0.409049,4,High
1212,26163576000,-0.089417,3,0.160521,3,0.313624,4,0.128243,3,Moderate
1213,26163576100,-0.125868,3,-0.171826,2,0.231687,3,-0.022002,3,Moderate
1214,26163576300,0.296218,4,0.189789,3,0.431484,4,0.30583,4,High
1215,26163576400,0.219674,3,0.433252,4,0.352411,4,0.335113,4,High
1216,26163576500,0.466715,4,0.563007,5,0.403791,4,0.477838,4,High
1217,26163576600,0.370647,4,0.80653,5,0.377423,4,0.5182,4,High
1218,26163577000,-0.550279,2,-0.19735,2,-0.19167,2,-0.3131,2,Low
1219,26163577100,-0.861588,1,-0.247113,2,-0.343744,2,-0.484148,2,Low
1220,26163577200,-0.872549,1,-0.268609,2,-0.01409,2,-0.385083,2,Low
1221,26163577300,-0.66674,2,0.038639,3,0.097895,3,-0.176735,2,Low
1222,26163577500,-0.528832,2,0.244764,3,0.14306,3,-0.047003,2,Low
1223,26163577600,-0.399828,2,0.169444,3,0.19922,3,-0.010388,3,Moderate
1224,26163577700,-0.17377,3,0.868639,5,0.235881,3,0.31025,4,High
1225,26163577800,-0.599797,2,0.155991,3,0.064308,3,-0.126499,2,Low
1226,26163578000,-0.239426,2,0.262258,4,-0.10187,2,-0.026346,3,Moderate
1227,26163578500,-0.081041,3,0.006195,3,-0.049454,2,-0.041433,2,Low
1228,26163578600,-0.681179,2,-0.268923,2,-0.284538,2,-0.411546,2,Low
1229,26163579200,-1.728362,1,-0.985614,1,-0.629074,1,-1.11435,1,Very Low
1230,26163579300,-1.208344,1,-1.371487,1,-0.616899,1,-1.065577,1,Very Low
1231,26163579500,-1.314909,1,-0.300757,2,-0.873212,1,-0.829626,1,Very Low
1232,26163579600,-1.106964,1,-0.354391,2,-0.441341,2,-0.634232,2,Low
1233,26163579700,-1.36105,1,-0.391078,2,-0.405613,2,-0.719247,1,Very Low
1234,26163579900,0.022907,3,0.374261,4,0.122845,3,0.173338,3,Moderate
1235,26163580100,0.311615,4,0.908265,5,0.046959,3,0.42228,4,High
1236,26163580200,0.008396,3,0.594991,5,0.146653,3,0.250013,3,Moderate
1237,26163580400,0.20588,3,0.44825,4,0.321098,4,0.325076,4,High
1238,26163580500,-0.017481,3,0.303829,4,0.364128,4,0.216826,3,Moderate
1239,26163580700,-0.107583,3,0.081595,3,-0.156647,2,-0.060878,2,Low
1240,26163580800,0.396987,4,0.656531,5,0.214768,3,0.422762,4,High
1241,26163581100,0.218412,3,0.287005,4,0.056049,3,0.187155,3,Moderate
1242,26163581500,0.292778,4,0.350711,4,0.231997,3,0.291829,4,High
1243,26163581600,0.324619,4,0.363691,4,0.136156,3,0.274822,4,High
1244,26163581800,0.274389,4,-0.228272,2,0.26645,4,0.104189,3,Moderate
1245,26163581900,0.23094,3,-0.156875,2,0.333715,4,0.135927,3,Moderate
1246,26163582100,0.1152,3,0.376477,4,0.330696,4,0.274124,4,High
1247,26163583000,-1.262361,1,0.342821,4,-0.124509,2,-0.348016,2,Low
1248,26163583100,-0.548049,2,0.067423,3,-0.082014,2,-0.187546,2,Low
1249,26163583300,-0.449979,2,0.215381,3,0.153439,3,-0.027053,3,Moderate
1250,26163583400,-0.335138,2,0.002972,3,0.018276,3,-0.10463,2,Low
1251,26163583600,-0.326858,2,-0.022927,2,0.143626,3,-0.06872,2,Low
1252,26163583700,-0.593804,2,-0.039231,2,0.208363,3,-0.141558,2,Low
1253,26163583800,-0.04228,3,0.236245,3,0.219787,3,0.137917,3,Moderate
1254,26163584000,-0.597532,2,0.153381,3,-0.086434,2,-0.176861,2,Low
1255,26163584100,-0.211401,2,0.226448,3,0.355465,4,0.123504,3,Moderate
1256,26163584200,-1.114434,1,-0.587193,2,-0.359505,2,-0.687044,1,Very Low
1257,26163584400,-0.372108,2,0.083379,3,-0.0731,2,-0.12061,2,Low
1258,26163584500,-0.308179,2,-0.238763,2,0.200341,3,-0.115534,2,Low
1259,26163584600,-0.570974,2,-0.56027,2,-0.30064,2,-0.477295,2,Low
1260,26163584800,-0.838608,1,-1.442758,1,-0.719919,1,-1.000428,1,Very Low
1261,26163585500,-0.574566,2,-0.427753,2,-0.362347,2,-0.454889,2,Low
1262,26163585600,-0.521788,2,-0.001714,3,-0.278375,2,-0.267292,2,Low
1263,26163585700,-0.407093,2,0.111948,3,0.130302,3,-0.054947,2,Low
1264,26099263900,-0.871096,1,-0.586088,2,-0.562685,1,-0.67329,1,Very Low
1265,26087338500,0.046676,3,0.064999,3,0.294439,4,0.135371,3,Moderate
1266,26163580900,0.257087,3,0.355493,4,0.260431,4,0.291004,4,High
1267,26099218000,0.243598,3,0.172451,3,0.19137,3,0.202473,3,Moderate
1268,26125130000,-0.076793,3,-0.08621,2,0.183561,3,0.006853,3,Moderate
1269,26125156000,1.170406,5,0.578055,5,0.567454,5,0.771972,5,Very High
1270,26163551500,-0.160138,3,0.066254,3,0.191264,3,0.03246,3,Moderate
1271,26163563900,0.949417,5,0.460073,4,0.468154,4,0.625881,5,Very High
1272,26163574100,-0.690308,2,-0.144632,2,-0.249863,2,-0.361601,2,Low
1273,26099982200,0.024641,3,-2.169667,1,-0.959912,1,-1.034979,1,Very Low
1274,26125162100,-0.304592,2,0.048812,3,-0.409529,2,-0.22177,2,Low
1275,26163589300,0.035925,3,0.252149,4,0.315861,4,0.201312,3,Moderate
1276,26163571700,-0.466697,2,0.210453,3,-0.170243,2,-0.142162,2,Low
